name,homeurl,domain,country
218tv,https://www.218tv.net/,general,lby
26sep,https://26sep.net/,general,yem
aawsat,https://aawsat.com/,general,sau
abarahpress,https://abarahpress.com/,general,yem
afaq,http://www.afaq.tv/,general,irq
afrigatenews,https://www.afrigatenews.net/,general,lby
agadir24,https://agadir24.info/,general,mar
agora,https://www.agora.ma/,general,mar
ahdath,http://ahdath.info/,general,mar
ahlmasrnews,https://www.ahlmasrnews.com/,general,egy
ahram,http://gate.ahram.org.eg/,general,egy
ajwa,http://www.ajwa.net/,general,lby
akhbar_alkhaleej,http://www.akhbar-alkhaleej.com/,general,bhr
akhbarelyom,https://akhbarelyom.com/,general,egy
akhbarelyoum,http://www.akhbarelyoum.dz/ar/index.php,general,dza
akhbarlibya24,https://akhbarlibya24.net/,general,lby
akhbarona,https://www.akhbarona.com/,general,mar
akhbarway,http://www.akhbarway.com/,general,egy
akhersaa_dz,http://www.akhersaa-dz.com/,general,dza
al_akhbar,https://www.al-akhbar.com/,general,lbn
al_aman,http://al-aman.com/,general,lbn
al_ayyam,http://www.al-ayyam.ps/,general,pse
al_bayader,http://al-bayader.com/,general,pse
al_binaa,https://www.al-binaa.com/,general,lbn
al_jazirahonline,https://www.al-jazirahonline.com/,general,sau
al_marsd,https://al-marsd.com/,general,sau
al_sharq,https://al-sharq.com/,general,qat
al_watan,https://www.al-watan.com/,general,qat
alaan,https://www.alaan.cc/,general,kwt
aladalanews,http://aladalanews.net/,general,irq
alahalygate,http://alahalygate.com/,general,egy
alahdathnews,https://alahdathnews.com/,general,sdn
alahednews,https://www.alahednews.com.lb/,general,lbn
alakhbar,https://www.alakhbar.info/,general,mrt
alakhbar,https://www.alakhbar.press.ma/,general,mar
alalam,http://alalam.ma/,general,mar
alanba,https://www.alanba.com.kw/newspaper/,general,kwt
alanbatnews,http://www.alanbatnews.net/,general,jor
alankabout,https://alankabout.com/,general,lbn
alarab,https://alarab.qa/,general,qat
alarab,https://www.alarab.com/,general,isr
alaraby,https://www.alaraby.co.uk/portal,general,egy
alayam,https://www.alayam.com/,general,bhr
alayam_ly,http://alayam-ly.com/,general,lby
alayyam,https://www.alayyam.info/,general,yem
albaathmedia,http://albaathmedia.sy/,general,syr
albawaba,https://www.albawaba.com/ar,general,jor
albawabhnews,https://www.albawabhnews.com/,general,egy
albiladdaily,https://albiladdaily.com/,general,sau
albiladpress,http://www.albiladpress.com/,general,bhr
albosala,http://albosala.com/,general,jor
aleqt,https://www.aleqt.com/,general,sau
aleshteraky,http://www.aleshteraky.com/,general,yem
alforatnews,https://alforatnews.com/,general,irq
algeriemaintenant,https://algeriemaintenant.com/,general,dza
algeriescoop,https://www.algeriescoop.com/,general,dza
alghad,https://alghad.com/,general,jor
alghad,https://www.alghad.tv/,general,syr
alhadassonline,http://www.alhadassonline.com/,general,lbn
alhamish,https://www.alhamish.com/,general,sdn
alhilalalyoum,https://www.alhilalalyoum.com/,general,egy
alhourriah,http://www.alhourriah.org/,general,pse
alikhbari,http://www.alikhbari.net/,general,mrt
alintibaha,https://alintibaha.net/,general,sdn
aliraqnews,http://aliraqnews.com/,general,irq
aljamaa,https://www.aljamaa.net/ar/,general,mar
aljaml,https://aljaml.com/,general,syr
aljarida,https://www.aljarida.com/,general,kwt
aljazair1,https://aljazair1.com/,general,dza
aljazairalyoum,https://www.aljazairalyoum.com/,general,dza
aljoumhouria,https://www.aljoumhouria.com/ar,general,lbn
alkhabar,http://www.alkhabar.mr/,general,mrt
alkhabarnow,https://alkhabarnow.net/,general,yem
alkuwaityah,http://www.alkuwaityah.com/,general,kwt
alliraqnews,http://alliraqnews.com/,general,irq
allofjo,http://allofjo.net/,general,jor
almadenahnews,https://www.almadenahnews.com/,general,jor
almaghribia,http://www.almaghribia.ma/,general,mar
almaghribtoday,https://www.almaghribtoday.net/,general,mar
almajd,http://almajd.net/,general,jor
almanar,https://www.almanar.com.lb/,general,lbn
almarsad,https://almarsad.co/,general,lby
almasalah,https://almasalah.com/ar/,general,irq
almasdar,https://www.almasdar.com/,general,egy
almasdaronline,https://almasdaronline.com/,general,yem
almashhad_alyemeni,https://www.almashhad-alyemeni.com/,general,yem
almasryalyoum,https://www.almasryalyoum.com/,general,egy
almayadeen,https://www.almayadeen.net/,general,lbn
almesryoon,https://almesryoon.com/,general,egy
almountakhab,https://www.almountakhab.com/,general,mar
almowaten,https://www.almowaten.net/,general,sau
almukhtaralarabi,http://www.almukhtaralarabi.com/,general,lby
alnaharegypt,https://www.alnaharegypt.com/,general,egy
alnilin,https://www.alnilin.com/,general,sdn
alqarn,http://www.alqarn.dj/,general,dji
alquds,http://www.alquds.com/,general,pse
alquds,https://www.alquds.co.uk/,general,pse
alraddar,http://alraddar.com/,general,syr
alraimedia,https://www.alraimedia.com/,general,kwt
alrakoba,https://www.alrakoba.net/,general,sdn
alrassedalliby,http://www.alrassedalliby.com/,general,lby
alrayalaam,https://alrayalaam.com/,general,kwt
alriyadh,https://www.alriyadh.com/home/,general,sau
alrseefa,http://www.alrseefa.net/,general,lby
alsabahpress,http://www.alsabahpress.com/,general,kwt
alsaeedah_tv,https://www.alsaeedah-tv.com/,general,yem
alsahwa_yemen,http://www.alsahwa-yemen.net/,general,yem
alsharqiya,https://www.alsharqiya.com/,general,irq
alsudaninews,https://www.alsudaninews.com/,general,sdn
alsudaniya_sd,http://www.alsudaniya-sd.com/,general,sdn
alsumaria,https://www.alsumaria.tv/,general,irq
altaghyeer,https://www.altaghyeer.info/ar/,general,sdn
altaleea,http://altaleea.com/,general,kwt
alteef,http://www.alteef.info/,general,yem
althawrah,http://althawrah.ye/,general,yem
alwahdawi,http://www.alwahdawi.net/,general,yem
alwakaai,http://alwakaai.com/,general,jor
alwakeelnews,https://www.alwakeelnews.com/,general,jor
alwasat,http://www.alwasat.com.kw/,general,kwt
alwasat,http://alwasat.ly/,general,lby
alwasatnews,http://www.alwasatnews.com/,general,bhr
alwasattoday,https://www.alwasattoday.com/,general,pse
alwatan,http://alwatan.com/,general,omn
alwatan,https://alwatan.sy/,general,syr
alwatanvoice,https://www.alwatanvoice.com/arabic/index.html,general,pse
alweeam,https://www.alweeam.com.sa/,general,sau
alwehda,http://ouruba.alwehda.gov.sy/,general,syr
alwehda,http://jamahir.alwehda.gov.sy/,general,syr
alwehda,http://wehda.alwehda.gov.sy/,general,syr
alwehda,http://fedaa.alwehda.gov.sy/,general,syr
alwehda,http://furat.alwehda.gov.sy/,general,syr
alwiam,https://www.alwiam.info/,general,mrt
alyaoum24,http://www.alyaoum24.com/,general,mar
alzebda,http://alzebda.com/,general,kwt
ami,http://www.ami.mr/,general,mrt
ammannet,https://ammannet.net/,general,jor
ammonnews,http://www.ammonnews.net/,general,jor
amwalalghad,https://amwalalghad.com/,general,egy
anayemeni,http://anayemeni.net/,general,yem
anbaa,http://www.anbaa.info/,general,mrt
anbaatlas,http://anbaatlas.com/,general,mrt
anfaspress,https://anfaspress.com/,general,mar
annahar,https://www.annahar.com/,general,lbn
anwalpress,https://anwalpress.com/,general,mar
aqsatv,http://aqsatv.ps/,general,pse
arab48,https://www.arab48.com/,general,pse
arab_eng,https://arab-eng.org/,general,sau
arabgate,http://www.arabgate.com/,general,kwt
arabi21,https://arabi21.com/,general,jor
arabi21,https://www.arabi21.com/,general,egy
arabnet5,http://www.arabnet5.com/,general,egy
arabweek,https://arabweek.com.lb/,general,lbn
arn,http://www.arn.ps/,general,pse
article19,http://article19.ma/ar/,general,mar
assabahnews,http://www.assabahnews.tn/,general,tun
assarag24,http://assarag24.com/,general,mar
assawt,http://www.assawt.net/,general,dza
assayha,https://www.assayha.net/now/,general,sdn
atlasinfo,http://www.atlasinfo.info/,general,mrt
azzaman,https://www.azzaman.com/,general,irq
bab,http://www.bab.com/,general,sau
babnet,https://www.babnet.net/,general,tun
bahrainmirror,http://www.bahrainmirror.com/,general,bhr
bajnews,https://bajnews.net/,general,sdn
barlamane,https://www.barlamane.com/,general,mar
bayanealyaoume,http://bayanealyaoume.press.ma/,general,mar
beirutobserver,https://www.beirutobserver.com/,general,lbn
bentili,https://www.bentili.com/,general,esh
bintjbeil,https://bintjbeil.org/,general,lbn
bna,https://www.bna.bh/,general,bhr
burathanews,http://burathanews.com/arabic/,general,irq
cairo_now,http://www.cairo-now.com/,general,egy
casaoui,https://casaoui.ma/,general,mar
cawalisse,http://cawalisse.com/,general,mar
cedarnews,https://cedarnews.net/,general,lbn
chtoukapress,https://www.chtoukapress.com/,general,mar
cover_sd,https://www.cover-sd.com/,general,sdn
dalil_rif,https://dalil-rif.com/,general,mar
deyaralnagab,http://www.deyaralnagab.com/,general,pse
djazairess,https://www.djazairess.com/,general,dza
djelfa,https://www.djelfa.info/ar/,general,dza
dostor,https://www.dostor.org/,general,egy
dotmsr,https://www.dotmsr.com/,general,egy
dzayerinfo,http://dzayerinfo.com/ar/,general,dza
eanlibya,https://www.eanlibya.com/,general,lby
echoroukonline,https://www.echoroukonline.com/en/,general,dza
echoroukonline,https://www.echoroukonline.com/,general,dza
egypt_today,https://www.egypt-today.com/,general,egy
el_ahly,https://www.el-ahly.com/,general,egy
el_yom,https://el-yom.com/,general,egy
elaph,https://elaph.com/,general,sau
elbalad,https://www.elbalad.news/,general,egy
elbashayer,https://elbashayer.com/,general,egy
eldjoumhouria,https://www.eldjoumhouria.dz/,general,dza
elfagr,https://www.elfagr.com/,general,egy
elhasade,http://elhasade.com/web/,general,tun
elheddaf,https://www.elheddaf.com/,general,dza
elhiwardz,https://www.elhiwardz.com/,general,dza
elhiwarettounsi,https://www.elhiwarettounsi.com/,general,tun
elhourriya,http://www.elhourriya.net/,general,mrt
eljadida24,http://www.eljadida24.com/ar/,general,mar
elkhabar,https://www.elkhabar.com/,general,dza
elkhabar,http://www.elkhabar.ly/,general,lby
elmawke3,https://www.elmawke3.com/,general,egy
elmogaz,http://www.elmogaz.com/,general,egy
elmourabiton,http://elmourabiton.tv/,general,mrt
elnashra,https://www.elnashra.com/,general,lbn
elsharkonline,https://www.elsharkonline.com/,general,lbn
elwassat,https://www.elwassat.com/,general,dza
elwatan,http://elwatan.info/,general,mrt
elwatannews,https://www.elwatannews.com/,general,egy
elyamnelaraby,https://www.elyamnelaraby.com/,general,yem
elzmannews,https://www.elzmannews.com/,general,egy
enabbaladi,https://www.enabbaladi.net/,general,syr
ennaharonline,https://www.ennaharonline.com/,general,dza
entv,http://www.entv.dz/,general,dza
essada,https://essada.net/,general,tun
essaha,http://essaha.net/,general,mrt
essahafa,http://www.essahafa.tn/,general,tun
essahraa,http://essahraa.net/,general,mrt
essirage,http://www.essirage.net/,general,mrt
estadaldoha,http://www.estadaldoha.com/,general,qat
factjo,http://factjo.com/,general,jor
farah,https://www.farah.net.au/,general,lbn
farajat,https://www.farajat.net/ar/,general,eri
fath_news,https://fath-news.com/,general,egy
febp,http://febp.ly/,general,lby
febrayer,https://www.febrayer.com/,general,mar
filgoal,https://www.filgoal.com/,general,egy
fj_p,https://fj-p.com/,general,egy
futuretvnetwork,http://futuretvnetwork.com/,general,lbn
garaanews,https://www.garaanews.com/,general,jor
gerasanews,http://www.gerasanews.com/,general,jor
gomhuriaonline,https://www.gomhuriaonline.com/,general,egy
google,https://news.google.com/?hl=ar&gl=SA&ceid=SA:ar,general,sau
google,https://news.google.com/topstories?hl=ar&gl=LB&ceid=LB:ar,general,lbn
goud,https://www.goud.ma/,general,mar
graaam,https://www.graaam.com/,general,sau
halafm,http://www.halafm.com/,general,omn
hashd_ahali,https://www.hashd-ahali.org/,general,jor
hathalyoum,https://hathalyoum.net/,general,irq
hespress,https://www.hespress.com/,general,mar
hournews,https://hournews.net/,general,yem
ikhwanonline,https://www.ikhwanonline.com/,general,egy
immarwaiktissad,http://immarwaiktissad.com/,general,lbn
imn,https://imn.iq/,general,irq
iraqicp,https://www.iraqicp.com/,general,irq
islamonline,https://islamonline.net/,general,qat
ismailyonline,https://www.ismailyonline.com/,general,egy
jbcnews,http://www.jbcnews.net/,general,jor
jeberti,http://www.jeberti.com/,general,eri
jordanzad,http://www.jordanzad.com/,general,jor
journalistesfaxien,https://journalistesfaxien.tn/,general,tun
kapitalis,http://www.kapitalis.com/anbaa-tounes/,general,tun
kataeb,https://kataeb.org/,general,lbn
kawalisse,http://kawalisse.com/,general,dza
kech24,https://kech24.com/,general,mar
khaberni,https://www.khaberni.com/,general,jor
kifache,https://kifache.com/,general,mar
kitabat,https://kitabat.com/,general,irq
kolalwatn,https://www.kolalwatn.net/,general,sau
koorabia,http://www.koorabia.com/,general,egy
kuwaitnews,https://www.kuwaitnews.com/,general,kwt
lana_news,https://lana-news.ly/,general,lby
lawjo,http://www.lawjo.net/,general,jor
lbcgroup,https://www.lbcgroup.tv/,general,lbn
lebanese_forces,https://www.lebanese-forces.com/,general,lbn
lebanon24,https://www.lebanon24.com/,general,lbn
lebanondebate,https://lebanondebate.com/,general,lbn
lebanonfiles,http://www.lebanonfiles.com/,general,lbn
lemaghreb,https://ar.lemaghreb.tn/,general,tun
libya_news,https://www.libya-news.com/,general,lby
libyaalsalam,http://libyaalsalam.net/,general,lby
libyaschannel,https://libyaschannel.com/,general,lby
lusailnews,https://lusailnews.net/,general,qat
m3llm,http://www.m3llm.net/,general,sau
maannews,http://www.maannews.net/,general,pse
maghress,https://www.maghress.com/,general,mar
makkahnewspaper,https://makkahnewspaper.com/,general,sau
mangish,https://mangish.net/,general,irq
maqar,https://maqar.com/,general,jor
marayanews,http://marayanews.com/,general,jor
marebpress,https://marebpress.net/,general,yem
maroctelegraph,https://maroctelegraph.com/,general,mar
marrakech7,http://www.marrakech7.com/,general,mar
marrakechalaan,https://www.marrakechalaan.com/,general,mar
masilanews,https://www.masilanews.com/,general,kwt
maspero,https://www.maspero.eg/wps/portal/home/egynews,general,egy
masrahona,http://www.masrahona.com/,general,egy
masralarabia,https://masralarabia.net/,general,egy
masralyoum,https://www.masralyoum.net/,general,egy
masrawy,https://www.masrawy.com/,general,egy
masress,https://www.masress.com/,general,egy
mauriactu,http://mauriactu.info/ar/,general,mrt
maurimedia,http://www.maurimedia.net/,general,mrt
mauriweb,http://mauriweb.info/ar/,general,mrt
medradio,http://www.medradio.ma/,general,mar
mena,https://www.mena.org.eg/,general,egy
menara,https://www.menara.ma/,general,mar
meyadin,http://meyadin.net/,general,mrt
mia,https://www.mia.gov.bh/,general,bhr
misr5,https://misr5.com/,general,egy
mobtada,https://www.mobtada.com/,general,egy
mogazmasr,https://www.mogazmasr.com/,general,egy
mosaiquefm,https://www.mosaiquefm.net/ar/,general,tun
mourassiloun,http://mourassiloun.com/,general,mrt
mtv,https://www.mtv.com.lb/,general,lbn
mugtama,https://mugtama.com/,general,kwt
mustaqbalweb,https://mustaqbalweb.com/,general,lbn
mustaqila,https://mustaqila.com/,general,irq
mwlana,https://www.mwlana.com/,general,egy
mz_mz,https://mz-mz.net/,general,sau
nador24,https://www.nador24.com/,general,mar
nadorcity,https://www.nadorcity.com/,general,mar
nasiriyah,https://ar.nasiriyah.org/,general,irq
nawaat,http://nawaat.org/portail/ar/,general,tun
ncro,http://ncro.sy/,general,syr
nessma,https://www.nessma.tv/,general,tun
newlibya,http://www.newlibya.net/,general,lby
news,http://tishreen.news.sy,general,syr
newsabah,http://newsabah.com/,general,irq
ngmisr,https://www.ngmisr.com,general,egy
nidaalwatan,https://www.nidaalwatan.com/,general,lbn
niletc,http://www.niletc.tv/,general,egy
nizwa,http://www.nizwa.com/,general,omn
nna_leb,http://www.nna-leb.gov.lb/,general,lbn
okaz,https://www.okaz.com.sa/,general,sau
omandaily,https://www.omandaily.om/,general,omn
omaninfo,https://omaninfo.om/,general,omn
otv,https://otv.com.lb/,general,lbn
ouarsenis,https://www.ouarsenis.com/ara/,general,dza
oujdacity,https://www.oujdacity.net/,general,mar
paltoday,http://paltoday.tv/,general,pse
panet,http://www.panet.co.il/,general,isr
part,http://part.gov.om/omanradio/,general,omn
pbc,http://www.pbc.ps/,general,pse
petra,http://www.petra.gov.jo/,general,jor
presstetouan,https://presstetouan.com/,general,mar
propaganda_eg,http://www.propaganda-eg.com/,general,egy
qaliubiya,https://qaliubiya.com/,general,egy
radiomauritanie,https://www.radiomauritanie.mr/,general,mrt
radiotunisienne,http://www.radiotunisienne.tn/,general,tun
rakobanews,https://rakobanews.com/,general,sdn
rasd,http://rasd.tv/,general,esh
raya,http://www.raya.ps/,general,pse
raya,https://www.raya.com/,general,qat
rimmedia,http://rimmedia.net/,general,mrt
rimnow,http://rimnow.com/,general,mrt
rimtoday,http://www.rimtoday.net/,general,mrt
rue20,https://rue20.com/,general,mar
rumonline,http://www.rumonline.net/,general,jor
saba,https://www.saba.ye/ar/,general,yem
sabaharabi,https://www.sabaharabi.com/,general,egy
sabq,https://sabq.org/,general,sau
sabr,https://www.sabr.cc/,general,kwt
sahafaa,https://sahafaa.net/,general,yem
sahafah24,https://www.sahafah24.net/,general,yem
saharamedias,https://www.saharamedias.net/,general,mrt
saharawi,http://www.saharawi.net/,general,esh
saida,https://saida.tv/,general,lbn
sarahanews,http://www.sarahanews.net/,general,jor
sarayanews,https://www.sarayanews.com/,general,jor
sauress,https://www.sauress.com/,general,sau
shabiba,https://www.shabiba.com/,general,omn
shafaq,https://shafaq.com/,general,irq
sharkiatoday,https://sharkiatoday.com/,general,egy
shorouknews,https://www.shorouknews.com/,general,egy
slaati,https://www.slaati.com/,general,sau
sns,http://www.sns.sy/,general,syr
sonara,http://www.sonara.net/,general,pse
sonara,https://www.sonara.net/,general,isr
sotaliraq,https://www.sotaliraq.com/,general,irq
souhoufi,http://souhoufi.com/,general,mrt
souss24,https://www.souss24.com/,general,mar
soussplus,https://soussplus.com/,general,mar
soutalmalaien,http://www.soutalmalaien.com/,general,egy
soutalomma,https://www.soutalomma.com/,general,egy
spa,https://www.spa.gov.sa/home.php?lang=en,general,sau
spa,https://www.spa.gov.sa/,general,sau
stadelahly,https://stadelahly.net/,general,egy
sudanakhbar,https://www.sudanakhbar.com/,general,sdn
sudanile,http://www.sudanile.com/,general,sdn
sudanjem,https://sudanjem.com/,general,sdn
sudaress,https://www.sudaress.com/,general,sdn
sumerfm,http://www.sumerfm.com/,general,irq
suna_sd,https://suna-sd.net/,general,sdn
syria,https://syria.news/,general,syr
syrianownews,https://syrianownews.com/,general,syr
syriasteps,http://syriasteps.com/,general,syr
tahrirnews,https://www.tahrirnews.com/,general,egy
talabanews,https://www.talabanews.net/,general,jor
tanja24,https://tanja24.com/,general,mar
tanja7,https://www.tanja7.com/,general,mar
tanjanews,https://tanjanews.com/,general,mar
tap,https://www.tap.info.tn/,general,tun
taqadoum,http://taqadoum.mr/,general,mrt
tawary,http://tawary.com/,general,mrt
teleliban,http://www.teleliban.com.lb/,general,lbn
telexpresse,http://www.telexpresse.com/,general,mar
thawra,http://thawra.sy/,general,syr
tsa_algerie,https://www.tsa-algerie.com/ar/,general,dza
tunisie_telegraph,https://tunisie-telegraph.com/,general,tun
tunisiefocus,http://www.tunisiefocus.com/,general,tun
tunisien,http://www.tunisien.tn/,general,tun
tunisienumerique,https://ar.tunisienumerique.com/,general,tun
turess,https://www.turess.com/,general,tun
tvm,http://tvm.mr/,general,mrt
twasul,https://twasul.info/,general,sau
vetogate,https://www.vetogate.com/,general,egy
vob,https://www.vob.org/,general,bhr
vokes_elsheikh,http://www.vokes-elsheikh.com/,general,sdn
w3newspapers,http://ar.w3newspapers.com/فلسطين/,general,pse
w3newspapers,http://ar.w3newspapers.com/العراق/,general,irq
w3newspapers,http://ar.w3newspapers.com/مصر/,general,egy
w3newspapers,http://ar.w3newspapers.com/المغرب/,general,mar
w3newspapers,http://ar.w3newspapers.com/السعودية/,general,sau
w3newspapers,http://ar.w3newspapers.com/الجزائر/,general,dza
w3newspapers,http://ar.w3newspapers.com/سوريا/,general,syr
w3newspapers,http://ar.w3newspapers.com/لبنان/,general,lbn
wakteldjazair,https://www.wakteldjazair.com/,general,dza
washwasha,http://www.washwasha.org/,general,egy
watananews,http://watananews.com/,general,jor
wataninet,https://www.wataninet.com/,general,egy
watanserb,https://www.watanserb.com/,general,omn
wattan,https://www.wattan.tv/ar/,general,pse
wisal,https://www.wisal.fm/cms/,general,omn
yafa_news,http://yafa-news.net/,general,yem
ye_voice,https://ye-voice.com/,general,yem
yemen,https://yemen.net.ye/,general,yem
yemen_now,https://yemen-now.net/,general,yem
yemen_press,https://yemen-press.net/,general,yem
yemenakhbar,https://www.yemenakhbar.com/,general,yem
yemenat,https://yemenat.net/,general,yem
yemeneconomist,https://www.yemeneconomist.com/,general,yem
yemenportal,https://yemenportal.net/,general,yem
yemeress,https://www.yemeress.com/,general,yem
youm7,https://www.youm7.com/,general,egy
zagoranews,https://zagoranews.ma/,general,mar
zagorapress,http://www.zagorapress.com/,general,mar
zamanalwsl,https://www.zamanalwsl.net/,general,syr
zenazajel,https://zenazajel.net/,general,eri
