name,homeurl,domain,country
247ureports,https://247ureports.com/,general,nga
256businessnews,https://www.256businessnews.com/,general,uga
3news,https://3news.com/,general,gha
6d,http://www.6d.fi/,general,fin
702,http://www.702.co.za/,general,zaf
99fm,https://99fm.com.na/,general,nam
abacolife,http://www.abacolife.com/,general,bhs
abs_cbn,https://news.abs-cbn.com/,general,phl
abstvradio,http://abstvradio.com/,general,atg
advance,https://www.advance.mu/,general,mus
advertiser,https://www.advertiser.ie/galway,general,irl
advertiser,https://www.advertiser.ie/athlone,general,irl
afr,https://www.afr.com/,general,aus
africanreporter,https://africanreporter.co.za/,general,zaf
afternoonvoice,https://www.afternoonvoice.com/,general,ind
albawaba,https://www.albawaba.com/,general,sdn
albertonrecord,https://albertonrecord.co.za/,general,zaf
alexnews,https://alexnews.co.za/,general,zaf
algoafm,https://www.algoafm.co.za/,general,zaf
alicespringsnews,https://www.alicespringsnews.com.au/,general,aus
aljazeera,https://www.aljazeera.com/where/pakistan,general,pak
allafrica,https://allafrica.com/eritrea/,general,eri
allafrica,https://allafrica.com/burundi/,general,bdi
allafrica,https://allafrica.com/seychelles/,general,syc
allafrica,https://allafrica.com/botswana/,general,bwa
allafrica,https://allafrica.com/lesotho/,general,lso
allgambianews,https://www.allgambianews.com/,general,gmb
allghananews,https://allghananews.com/,general,gha
allnigeriasoccer,https://www.allnigeriasoccer.com/,general,nga
alsudanalyoum,https://alsudanalyoum.com/,general,sdn
amala,https://amala.ng/,general,nga
amandala,https://amandala.com.bz/,general,blz
ambergristoday,https://www.ambergristoday.com/,general,blz
andamanchronicle,http://www.andamanchronicle.net/,general,ind
andamansheekha,http://www.andamansheekha.com/,general,ind
anglocelt,https://www.anglocelt.ie/,general,irl
anphoblacht,https://www.anphoblacht.com/,general,irl
antigua_barbuda,https://antigua-barbuda.com/,general,atg
antiguanewsroom,https://antiguanewsroom.com/,general,atg
app,https://www.app.com.pk/,general,pak
ashburtoncourier,http://www.ashburtoncourier.co.nz/,general,nzl
asianage,https://www.asianage.com/,general,ind
asianjournal,https://asianjournal.com,general,phl
asiaone,https://www.asiaone.com/,general,sgp
asmarino,https://www.asmarino.com/,general,eri
assamtribune,http://www.assamtribune.com/,general,ind
assamtribune,https://assamtribune.com/,general,ind
assenna,https://assenna.com/,general,eri
avirtualdominica,https://www.avirtualdominica.com/,general,dma
avondhupress,https://avondhupress.ie/,general,irl
awate,http://awate.com/,general,eri
ayvnewspaper,http://www.ayvnewspaper.com/,general,sle
baguiomidlandcourier,http://www.baguiomidlandcourier.com.ph/,general,phl
bahamasb2b,http://www.bahamasb2b.com/news/,general,bhs
bahamasnational,http://www.bahamasnational.com/,general,bhs
bahamasnewsmabey,https://www.bahamasnewsmabey.com/,general,bhs
bahamaspress,http://bahamaspress.com/,general,bhs
bahamasspectator,http://www.bahamasspectator.com/,general,bhs
bahamasuncensored,http://www.bahamasuncensored.com/,general,bhs
bajanreporter,https://www.bajanreporter.com/,general,brb
ballitonews,https://www.ballitonews.co.za/,general,zaf
ballymenatimes,https://www.ballymenatimes.com/,general,irl
bamendaonline,http://bamendaonline.net/,general,cmr
barbadosadvocate,https://www.barbadosadvocate.com/,general,brb
barbadosgazette,https://barbadosgazette.com/,general,brb
barbadospropertynews,https://barbadospropertynews.com/,general,brb
barbadostoday,http://barbadostoday.bb/,general,brb
barbadosunderground,https://barbadosunderground.net/,general,brb
bbc,https://www.bbc.com/news/world-africa-13349078,general,eri
bbc,https://www.bbc.com/news/world-asia-pacific-15436981,general,png
bbc,https://www.bbc.com/news/world-asia-pacific-14919067,general,fji
bbc,http://news.bbc.co.uk/2/hi/americas/country_profiles/4087743.stm,general,flk
bbc,https://www.bbc.com/news/world-asia-15595431,general,mhl
bbc,https://www.bbc.com/news/world-africa-14093238,general,rwa
bbc,http://news.bbc.co.uk/2/hi/americas/country_profiles/1209605.stm,general,grd
bbc,http://news.bbc.co.uk/2/hi/americas/country_profiles/1191111.stm,general,atg
bbc,https://www.bbc.com/news/world-asia-pacific-15433616,general,nru
bbc,https://www.bbc.com/news/world-africa-13681341,general,ken
bbc,https://www.bbc.com/news/world-africa-13085064,general,bdi
bbc,https://www.bbc.com/news/world-africa-14093816,general,syc
bbc,https://www.bbc.com/news/world-africa-13040376,general,bwa
bbc,https://www.bbc.com/news/world-asia-16426193,general,vut
bbc,https://www.bbc.com/news/world-middle-east-15446659,general,plw
bbc,http://news.bbc.co.uk/2/hi/americas/country_profiles/3666502.stm,general,msr
bbc,https://www.bbc.co.uk/news/world-asia-pacific-16340072,general,tuv
bbc,https://www.bbc.com/news/topics/cp7r8vglne2t/hong-kong,general,hkg
bbc,https://www.bbc.com/news/world-asia-15896396,general,slb
bbc,http://news.bbc.co.uk/2/hi/asia-pacific/country_profiles/1168527.stm,general,kir
bbc,https://www.bbc.com/news/world-asia-15655855,general,wsm
bbc,https://www.bbc.co.uk/news/world-africa-13728324,general,lso
bedfordviewedenvalenews,https://bedfordviewedenvalenews.co.za/,general,zaf
belizenews,http://www.belizenews.com/thestar/,general,blz
bereamail,https://bereamail.co.za/,general,zaf
bermudabroadcasting,http://bermudabroadcasting.com/,general,bmu
bermudareal,https://www.bermudareal.com/,general,bmu
bernews,http://bernews.com/,general,bmu
bhaskarlive,https://www.bhaskarlive.in/,general,ind
bicolperyodiko,https://bicolperyodiko.com/,general,phl
bicolstandard,http://www.bicolstandard.com/,general,phl
bigeye,https://bigeye.ug/,general,uga
bizmalawionline,https://www.bizmalawionline.com/,general,mwi
blenheimsun,https://blenheimsun.co.nz/,general,nzl
blogspot,https://mindanaoexaminernewspaper.blogspot.com/,general,phl
blueprint,https://www.blueprint.ng/,general,nga
bmetro,https://www.bmetro.co.zw/,general,zwe
boholchronicle,https://www.boholchronicle.com.ph/,general,phl
bolnews,https://www.bolnews.com/,general,pak
botswanaguardian,http://www.botswanaguardian.co.bw/,general,bwa
botswanaunplugged,https://botswanaunplugged.com/,general,bwa
breakingbelizenews,https://www.breakingbelizenews.com/,general,blz
breakingkenyanews,https://www.breakingkenyanews.com/,general,ken
breakingnews,https://www.breakingnews.ie/,general,irl
brecorder,https://www.brecorder.com/,general,pak
briefly,https://briefly.co.za/,general,zaf
brusselstimes,https://www.brusselstimes.com/,general,bel
btob,http://btob.co.nz/,general,nzl
bugandawatch,https://www.bugandawatch.com/,general,uga
bukedde,https://www.bukedde.co.ug/,general,uga
bulatlat,https://www.bulatlat.com/,general,phl
bulawayo24,https://bulawayo24.com/,general,zwe
bushchicken,https://bushchicken.com/,general,lbr
business-standard,https://www.business-standard.com/,general,ind
businessadvantagepng,https://www.businessadvantagepng.com/,general,png
businessbarbados,http://businessbarbados.com/,general,brb
businessdaily,http://www.businessdaily.co.zw/,general,zwe
businessdailyafrica,https://www.businessdailyafrica.com/,general,ken
businessday,https://businessday.ng/,general,nga
businesslive,https://www.businesslive.co.za/bd/,general,zaf
businessmalawi,https://www.businessmalawi.com/,general,mwi
businessmirror,https://businessmirror.com.ph/,general,phl
businessnews,http://businessnews.com.ng/,general,nga
businesspost,https://www.businesspost.ie/,general,irl
businesstimes,http://businesstimes.co.tz/,general,tza
businesstoday,https://businesstoday.co.ke/,general,ken
businesstoday,http://www.businesstoday.com.mt/,general,mlt
busiweek,https://www.busiweek.com/,general,uga
buzzghana,https://buzzghana.com/,general,gha
bvibeacon,https://www.bvibeacon.com/,general,vgb
bvinews,https://bvinews.com/,general,vgb
bviplatinum,https://www.bviplatinum.com/,general,vgb
bworldonline,https://www.bworldonline.com/,general,phl
cambridgenews,https://www.cambridgenews.nz/,general,nzl
cameroonconcordnews,http://www.cameroonconcordnews.com/,general,cmr
cameroonnewsline,http://www.cameroonnewsline.com/,general,cmr
cameroonpostline,https://cameroonpostline.com/,general,cmr
cananewsonline,http://cananewsonline.com/main/,general,brb
canberratimes,https://www.canberratimes.com.au/,general,aus
capetalk,http://www.capetalk.co.za/,general,zaf
capetownetc,https://www.capetownetc.com/,general,zaf
capitalradiomalawi,https://www.capitalradiomalawi.com/,general,mwi
capricornreview,https://capricornreview.co.za/,general,zaf
caprivivision,http://www.caprivivision.com/,general,nam
carlow_nationalist,https://carlow-nationalist.ie/,general,irl
catholic,http://sundayex.catholic.org.hk/,general,hkg
catholicnewstt,https://catholicnewstt.com/,general,tto
catholicvoice,https://www.catholicvoice.org.au/,general,aus
cbn,https://www.cbn.co.za/,general,zaf
centralchronicle,https://www.centralchronicle.com/,general,ind
championnews,http://www.championnews.com.ng/,general,nga
channelnewsasia,https://www.channelnewsasia.com/,general,sgp
channelstv,https://www.channelstv.com/,general,nga
chano8,https://chano8.com/,general,uga
chimpreports,https://chimpreports.com/,general,uga
chronicle,https://www.chronicle.co.zw/,general,zwe
citinewsroom,https://citinewsroom.com/,general,gha
citizen,https://citizen.co.za/,general,zaf
citizentv,https://citizentv.co.ke/,general,ken
citynews,https://citynews.com.au/,general,aus
clarechampion,https://clarechampion.ie/,general,irl
cnnphilippines,https://cnnphilippines.com/,general,phl
coastandcountrynews,https://www.coastandcountrynews.co.nz/,general,nzl
cocorioko,http://cocorioko.net/,general,sle
completesports,https://www.completesports.com/,general,nga
con_telegraph,https://www.con-telegraph.ie/,general,irl
concordtimes,http://concordtimes.net/,general,lbr
connachttribune,https://connachttribune.ie/,general,irl
cookislandsnews,http://www.cookislandsnews.com/,general,cok
corkindependent,https://www.corkindependent.com/,general,irl
coupfourandahalf,http://www.coupfourandahalf.com/,general,fji
cphpost,http://cphpost.dk/,general,dnk
critiqueecho,http://www.critiqueecho.com/,general,sle
cyprus_mail,https://cyprus-mail.com/,general,cyp
dabangasudan,https://www.dabangasudan.org/en,general,sdn
dagupan,https://punch.dagupan.com/,general,phl
daily_cyprus,https://daily-cyprus.com/,general,cyp
daily_mail,http://www.daily-mail.co.zm/,general,zmb
dailyadvent,http://www.dailyadvent.com/,general,nga
dailydomel,http://dailydomel.com/,general,pak
dailyexcelsior,https://www.dailyexcelsior.com/,general,ind
dailyexpress,http://www.dailyexpress.com.my/,general,mys
dailyguidenetwork,https://dailyguidenetwork.com/,general,gha
dailyheritage,http://dailyheritage.com.gh/,general,gha
dailymaverick,https://www.dailymaverick.co.za/,general,zaf
dailynews,https://dailynews.co.zw/,general,zwe
dailynews,https://www.dailynews.co.tz/,general,tza
dailynigerian,https://dailynigerian.com/,general,nga
dailypak,http://dailypak.net/,general,pak
dailypioneer,https://www.dailypioneer.com/,general,ind
dailypost,https://dailypost.in/,general,ind
dailypost,http://dailypost.vu/,general,vut
dailypost,https://dailypost.ng/,general,nga
dailysun,https://www.dailysun.co.za/,general,zaf
dailythepatriot,https://dailythepatriot.com/,general,pak
dailytimes,https://dailytimes.ng/,general,nga
dailytimes,https://dailytimes.com.pk/,general,pak
dailytrust,https://www.dailytrust.com.ng/,general,nga
dailyvoice,https://www.dailyvoice.co.za/,general,zaf
dancehallmag,https://www.dancehallmag.com/,general,jam
davaotoday,http://davaotoday.com/,general,phl
dawn,https://www.dawn.com/,general,pak
dbcradio,http://listen.dbcradio.net/,general,dma
deccanchronicle,https://www.deccanchronicle.com/,general,ind
deccanherald,https://www.deccanherald.com/,general,ind
dehai,http://dehai.org/,general,eri
demerarawaves,http://demerarawaves.com/,general,guy
demirrornewspaper,http://www.demirrornewspaper.com/,general,sle
desertherald,https://desertherald.com/,general,nga
devonportflagstaff,https://devonportflagstaff.co.nz/,general,nzl
dhudialnews,http://www.dhudialnews.com/,general,pak
diggers,https://diggers.news/,general,zmb
discoverdominica,https://discoverdominica.com/,general,dma
dispatchlive,https://www.dispatchlive.co.za/,general,zaf
dnaindia,https://www.dnaindia.com/,general,ind
dominica_weekly,http://www.dominica-weekly.com/,general,dma
dominicanewsonline,https://dominicanewsonline.com/news/,general,dma
donegaldaily,https://www.donegaldaily.com/,general,irl
donegaldemocrat,https://www.donegaldemocrat.ie/,general,irl
donegalnews,https://donegalnews.com/,general,irl
dublinpeople,http://www.dublinpeople.com/,general,irl
dutchnews,https://www.dutchnews.nl/,general,nld
eagle,https://eagle.co.ug/,general,uga
echo,https://www.echo.co.bw/,general,bwa
echolive,https://www.echolive.ie/,general,irl
echoofindia,http://epaper.echoofindia.com/,general,ind
economictimes,https://economictimes.indiatimes.com/,general,ind
economist,https://economist.com.na/,general,nam
edge,http://edge.ug/,general,uga
electronicintifada,https://electronicintifada.net/,general,isr
elegance,https://elegance.gm/,general,gmb
eleutheranews,http://eleutheranews.com/,general,bhs
emansion,https://www.emansion.gov.lr/,general,lbr
emonewsdm,https://emonewsdm.com/,general,dma
enca,https://www.enca.com/,general,zaf
engineeringnews,https://www.engineeringnews.co.za/,general,zaf
epaperhimalayadarpan,http://epaperhimalayadarpan.com/,general,ind
epaperlokmat,http://epaperlokmat.in/lokmattimes/,general,ind
eritreadaily,https://www.eritreadaily.net/,general,eri
euractiv,https://www.euractiv.com/,general,bel
ewn,https://ewn.co.za/,general,zaf
exclusivenewspaper,http://www.exclusivenewspaper.com/,general,sle
faceofmalawi,https://www.faceofmalawi.com/,general,mwi
falklandnews,http://falklandnews.com/,general,flk
falklands,https://www.falklands.gov.fk/,general,flk
farmersweekly,https://farmersweekly.co.nz/,general,nzl
fatunetwork,https://fatunetwork.net/,general,gmb
fbcnews,https://www.fbcnews.com.fj/,general,fji
fermanaghherald,https://fermanaghherald.com/,general,irl
fijileaks,http://www.fijileaks.com/,general,fji
fijilive,https://fijilive.com/,general,fji
fijisun,https://fijisun.com.fj/,general,fji
fijitimes,https://www.fijitimes.com/,general,fji
fijivillage,http://fijivillage.com/,general,fji
filipinoexpress,http://filipinoexpress.com/,general,phl
financialexpress,https://www.financialexpress.com/,general,ind
financialgazette,https://www.financialgazette.co.zw/,general,zwe
financialmirror,https://www.financialmirror.com/,general,cyp
finlandtimes,http://www.finlandtimes.fi/,general,fin
firstpost,https://www.firstpost.com/,general,ind
flashugnews,https://flashugnews.com/,general,uga
focusmalaysia,https://focusmalaysia.my/,general,mys
focusmedia,https://www.focusmedia.co.tz/,general,tza
fok,http://fok.nl/,general,nld
foroyaa,https://foroyaa.net/,general,gmb
forward,https://forward.com/,general,isr
fourseasons,https://www.fourseasons.com/magazine/,general,syc
freedomnewspaper,https://www.freedomnewspaper.com/,general,gmb
freedomradionig,https://freedomradionig.com/,general,nga
freepressjournal,https://www.freepressjournal.in/,general,ind
freshangleng,https://freshangleng.com/,general,nga
frontpageafricaonline,https://frontpageafricaonline.com/,general,lbr
gainako,https://gainako.com/,general,gmb
galaxytvonline,https://www.galaxytvonline.com/,general,nga
gambia_today,https://gambia-today.com/,general,gmb
gbcghana,https://www.gbcghana.com/,general,gha
gbweekly,https://www.gbweekly.co.nz/,general,nzl
georgeherald,https://www.georgeherald.com/,general,zaf
ghafla,http://www.ghafla.com/ke/,general,ken
ghana360news,http://www.ghana360news.com/,general,gha
ghanaiantimes,https://www.ghanaiantimes.com.gh/,general,gha
ghananewspage,https://ghananewspage.com/,general,gha
ghanastar,https://www.ghanastar.com/,general,gha
ghanaweb,https://www.ghanaweb.com/,general,gha
ghbase,https://www.ghbase.com/,general,gha
ghheadlines,http://ghheadlines.com/,general,gha
ghpage,https://www.ghpage.com/,general,gha
gisborneherald,http://www.gisborneherald.co.nz/,general,nzl
gistmania,https://www.gistmania.com/latest,general,nga
globaltimes_sl,https://www.globaltimes-sl.com/,general,sle
glpublications,http://net.glpublications.in/,general,ind
gmanetwork,https://www.gmanetwork.com/news/,general,phl
gna,https://www.gna.org.gh/,general,gha
gnnliberia,http://gnnliberia.com/,general,lbr
go_jamaica,http://go-jamaica.com/,general,jam
google,https://news.google.com/?hl=en-ZA&gl=ZA&ceid=ZA:en,general,zaf
google,https://news.google.com/topstories?hl=en-NA&gl=NA&ceid=NA:en,general,nam
google,https://news.google.com/?hl=en-PH&gl=PH&ceid=PH:en,general,phl
google,https://news.google.com/search?q=sudan&hl=en-US&gl=US&ceid=US:en,general,sdn
google,https://news.google.com/topstories?hl=en-NG&gl=NG&ceid=NG:en,general,nga
google,https://news.google.com/?hl=en-SG&gl=SG&ceid=SG:en,general,sgp
gossipliberia,https://gossipliberia.com/,general,lbr
gov,http://www.dailynews.gov.bw/,general,bwa
government,https://www.government.nl/,general,nld
govmu,http://www.govmu.org/English/News/Pages/default.aspx,general,mus
gozonews,http://gozonews.com/,general,mlt
graphic,https://www.graphic.com.gh/,general,gha
greaterkashmir,https://www.greaterkashmir.com/,general,ind
greenleft,https://www.greenleft.org.au/,general,aus
grenadachronicle,http://grenadachronicle.com/,general,grd
greystar,https://www.greystar.co.nz/,general,nzl
grocotts,https://www.grocotts.co.za/,general,zaf
guardian,http://www.guardian.co.tt/,general,tto
guardian,http://www.guardian.bz/,general,blz
guardian,https://guardian.ng/,general,nga
guardian,https://www.guardian.co.tz/,general,tza
guardianonline,https://www.guardianonline.co.nz/,general,nzl
guyanachronicle,http://guyanachronicle.com/,general,guy
guyanagraphic,http://www.guyanagraphic.com/,general,guy
guyanainquirer,http://guyanainquirer.com/,general,guy
guyanatimesgy,https://guyanatimesgy.com/,general,guy
guyanatourism,https://www.guyanatourism.com/,general,guy
haberkibris,https://haberkibris.com/,general,cyp
hallmarknews,https://hallmarknews.com/,general,nga
hamodia,https://hamodia.com/,general,isr
headlinestoday,https://www.headlinestoday.in/,general,ind
helsinkitimes,https://www.helsinkitimes.fi/,general,fin
herald,https://www.herald.co.zw/,general,zwe
heraldlive,https://www.heraldlive.co.za/,general,zaf
hilltimes,https://www.hilltimes.com/,general,can
hindustantimes,https://www.hindustantimes.com/,general,ind
hmetro,https://www.hmetro.co.zw/,general,zwe
hoglandsnytt,http://www.hoglandsnytt.se/,general,swe
hongkongfp,https://hongkongfp.com/,general,hkg
hose,https://hose.rw/,general,rwa
howwebiz,https://www.howwebiz.ug/,general,uga
hynaija,https://www.hynaija.com/,general,nga
iafrica,https://iafrica.com/,general,zaf
iamexpat,https://www.iamexpat.nl/,general,nld
ibyamamare,http://ibyamamare.com/,general,rwa
igihe,https://igihe.com/,general,rwa
iharare,https://iharare.com/,general,zwe
ilocossentinel,https://www.ilocossentinel.com/,general,phl
impartialreporter,https://www.impartialreporter.com/,general,irl
impressivetimes,http://www.impressivetimes.com/,general,ind
imvahonshya,http://imvahonshya.co.rw/,general,rwa
independent,https://www.independent.co.ug/,general,uga
independent,https://www.independent.ie/regionals/corkman/,general,irl
independent,https://www.independent.ie/,general,irl
independent,https://www.independent.ng/,general,nga
independent,http://www.independent.com.mt/,general,mlt
indianexpress,https://indianexpress.com/,general,ind
indianhorizon,http://indianhorizon.org/,general,ind
indianspice,https://www.indianspice.co.za/,general,zaf
indiatimes,https://mumbaimirror.indiatimes.com/,general,ind
indiatoday,https://www.indiatoday.in/,general,ind
indiatvnews,https://www.indiatvnews.com/,general,ind
inewsguyana,https://www.inewsguyana.com/,general,guy
infoplease,https://www.infoplease.com/world/countries/papua-new-guinea,general,png
infoplease,https://www.infoplease.com/world/countries/marshall-islands,general,mhl
infoplease,https://www.infoplease.com/world/countries/palau,general,plw
infoplease,https://www.infoplease.com/world/countries/tuvalu,general,tuv
infoplease,https://www.infoplease.com/world/countries/solomon-islands,general,slb
infoplease,https://www.infoplease.com/world/countries/samoa,general,wsm
informativenews,http://informativenews.co.ls/,general,lso
inishowenindo,http://inishowenindo.ie/,general,irl
inquirer,https://cebudailynews.inquirer.net/,general,phl
inquirer,https://www.inquirer.net/,general,phl
insideireland,https://insideireland.ie/,general,irl
interaksyon,https://www.interaksyon.com/,general,phl
intyoza,http://www.intyoza.com/,general,rwa
inyarwanda,http://inyarwanda.com/,general,rwa
iol,https://www.iol.co.za/mercury,general,zaf
iol,https://www.iol.co.za/thepost,general,zaf
iol,https://www.iol.co.za/the-star,general,zaf
iol,https://www.iol.co.za/ios,general,zaf
iol,https://www.iol.co.za/capetimes,general,zaf
iol,https://www.iol.co.za/dailynews,general,zaf
iol,https://www.iol.co.za/,general,zaf
iol,https://www.iol.co.za/capeargus,general,zaf
ionigeria,https://ionigeria.com/,general,nga
ipolitics,https://ipolitics.ca/,general,can
ippmedia,https://www.ippmedia.com/,general,tza
irishcentral,https://www.irishcentral.com/news/irishvoice/,general,irl
irishecho,https://www.irishecho.com/,general,irl
irishexaminer,https://www.irishexaminer.com/,general,irl
irishnews,http://www.irishnews.com/,general,irl
irishpost,https://www.irishpost.com/,general,irl
irishtimes,https://www.irishtimes.com/,general,irl
irmct,https://unictr.irmct.org/,general,rwa
islandsbusiness,https://www.islandsbusiness.com/,general,fji
islandsun,https://www.islandsun.com/,general,vgb
isolezwe,https://www.isolezwe.co.za/,general,zaf
israelnationalnews,http://www.israelnationalnews.com/,general,isr
israelnewsagency,https://israelnewsagency.com/,general,isr
itv,https://www.itv.co.tz/,general,tza
itweb,https://www.itweb.co.za/,general,zaf
jagran,https://english.jagran.com/,general,ind
jamaica_gleaner,http://jamaica-gleaner.com/,general,jam
jamaica_star,http://jamaica-star.com/,general,jam
jamaicainquirer,http://www.jamaicainquirer.com/,general,jam
jamaicans,https://jamaicans.com/,general,jam
jamaicaobserver,http://www.jamaicaobserver.com/,general,jam
jamaicaobserver,http://www.jamaicaobserver.com/entertainment/,general,jam
jambonews,https://www.jambonews.net/en/,general,rwa
jehlumpost,http://www.jehlumpost.com/,general,ind
jerusalemonline,https://www.jerusalemonline.com/,general,isr
jis,https://jis.gov.jm/,general,jam
jonesbahamas,http://jonesbahamas.com/,general,bhs
journal,https://journal.com.ph/,general,phl
jpost,https://www.jpost.com/,general,isr
jta,https://www.jta.org/,general,isr
kagay_an,https://kagay-an.com/,general,phl
kaieteurnewsonline,https://www.kaieteurnewsonline.com/,general,guy
kairifm,https://kairifm.com/,general,dma
kaironews,http://www.kaironews.com/,general,gmb
kanivatonga,https://www.kanivatonga.nz/,general,nzl
kashmirobserver,https://kashmirobserver.net/,general,ind
kashmirtimes,http://www.kashmirtimes.com/,general,ind
katherinetimes,https://www.katherinetimes.com.au/,general,aus
kbc,https://www.kbc.co.ke/,general,ken
kemptonexpress,https://kemptonexpress.co.za/,general,zaf
kenya_today,https://www.kenya-today.com/,general,ken
kenyan_post,https://kenyan-post.com/,general,ken
kenyanews,https://www.kenyanews.go.ke/,general,ken
kenyannews,https://kenyannews.co.ke/,general,ken
kerryseye,http://www.kerryseye.com/,general,irl
kickerdaily,https://kickerdaily.com/,general,phl
kigalitoday,https://www.kigalitoday.com/,general,rwa
kilkennypeople,https://www.kilkennypeople.ie/,general,irl
killarneytoday,https://www.killarneytoday.com/,general,irl
kiribatitourism,http://www.kiribatitourism.gov.ki/,general,kir
kiribatiupdates,http://kiribatiupdates.com.ki/,general,kir
kitwetimes,http://www.kitwetimes.com/,general,zmb
klassportsradio,http://www.klassportsradio.com/,general,jam
kokolevel,https://kokolevel.com/,general,nga
krugersdorpnews,https://krugersdorpnews.co.za/,general,zaf
ktpress,https://www.ktpress.rw/,general,rwa
kullhadd,http://kullhadd.com/,general,mlt
kundana,https://kundana.com.na/,general,nam
kwayedza,https://www.kwayedza.co.zw/,general,zwe
lahoredispatch,http://lahoredispatch.com/,general,pak
laois_nationalist,https://laois-nationalist.ie/,general,irl
leadership,https://leadership.ng/,general,nga
legit,https://www.legit.ng/,general,nga
leinsterexpress,https://www.leinsterexpress.ie/,general,irl
leinsterleader,https://www.leinsterleader.ie/,general,irl
leitrimobserver,https://www.leitrimobserver.ie/,general,irl
lenews,https://lenews.ch/,general,che
lestimes,http://lestimes.com/,general,lso
letabaherald,https://letabaherald.co.za/,general,zaf
lgcnews,https://www.lgcnews.com/,general,cyp
lhrtimes,https://www.lhrtimes.com/,general,pak
liberianobserver,https://www.liberianobserver.com/,general,lbr
limerickleader,https://www.limerickleader.ie/,general,irl
limerickpost,https://www.limerickpost.ie/,general,irl
limin_times,http://www.limin-times.com/,general,vgb
lindaikejisblog,https://www.lindaikejisblog.com/,general,nga
livemint,https://www.livemint.com/,general,ind
localmatters,https://www.localmatters.co.nz/,general,nzl
localnewspapers,https://theeye.localnewspapers.co.nz/,general,nzl
localnewspapers,https://christchurchmail.localnewspapers.co.nz/,general,nzl
lokmat,https://english.lokmat.com/,general,ind
lonelyplanet,https://www.lonelyplanet.com/marshall-islands,general,mhl
longfordleader,https://www.longfordleader.ie/,general,irl
loopnewsbarbados,http://www.loopnewsbarbados.com/,general,brb
looptonga,http://www.looptonga.com/,general,ton
looptt,http://www.looptt.com/category/looptt-t-t-news,general,tto
lovefm,http://lovefm.com/,general,blz
lowdownzambia,http://www.lowdownzambia.com/,general,zmb
lowvelder,https://lowvelder.co.za/,general,zaf
lusakastar,https://lusakastar.com/,general,zmb
lusakatimes,https://www.lusakatimes.com/,general,zmb
lusakavoice,http://www.lusakavoice.com/,general,zmb
madote,http://www.madote.com/,general,eri
mailtoday,https://epaper.mailtoday.in/,general,ind
malawi24,https://malawi24.com/,general,mwi
malawianwatchdog,http://www.malawianwatchdog.com/,general,mwi
malawifreedomnetwork,https://malawifreedomnetwork.com/,general,mwi
malawivoice,http://www.malawivoice.com/,general,mwi
malaymail,https://www.malaymail.com/,general,mys
malaysia_chronicle,https://www.malaysia-chronicle.com/,general,mys
malaysia_today,https://www.malaysia-today.net/,general,mys
malaysiakini,https://www.malaysiakini.com/,general,mys
maltastar,https://www.maltastar.com/,general,mlt
maltatoday,https://www.maltatoday.com.mt/,general,mlt
mangaloretoday,http://www.mangaloretoday.com,general,ind
manicapost,https://www.manicapost.co.zw/,general,zwe
manilastandard,https://www.manilastandard.net/,general,phl
manilatimes,https://www.manilatimes.net/,general,phl
maraviexpress,https://www.maraviexpress.com/,general,mwi
marinetimes,http://www.marinetimes.ie/,general,irl
marshallislandsjournal,https://marshallislandsjournal.com/,general,mhl
masvingomirror,http://www.masvingomirror.com/,general,zwe
matangitonga,https://matangitonga.to/,general,ton
mathrubhumi,https://english.mathrubhumi.com/,general,ind
mauritiustimes,http://www.mauritiustimes.com/,general,mus
mayonews,http://www.mayonews.ie/,general,irl
mb,https://mb.com.ph/,general,phl
mbaretimes,https://mbaretimes.com/,general,zwe
mbc,https://www.mbc.mw/,general,mwi
mbcradio,https://www.mbcradio.tv/,general,mus
mckoysnews,https://mckoysnews.com/,general,jam
meathchronicle,http://www.meathchronicle.ie/,general,irl
mediacentre,https://www.mediacentre.go.ug/,general,uga
meed,https://www.meed.com/countries/sudan/,general,sdn
mega,https://live.mega.mu/,general,mus
mercopress,https://en.mercopress.com/falkland-islands/,general,flk
meskerem,http://www.meskerem.net/,general,eri
metrocebu,https://metrocebu.news/,general,phl
mg,https://mg.co.za/,general,zaf
mibs,http://www.mibs.gov.zm/,general,zmb
mid-day,https://www.mid-day.com/,general,ind
milligazette,http://www.milligazette.com/,general,ind
milligazette,https://www.milligazette.com/,general,ind
mindanews,https://www.mindanews.com/,general,phl
mmegi,https://www.mmegi.bw/,general,bwa
modernghana,https://www.modernghana.com/,general,gha
monitor,https://www.monitor.co.ug/,general,uga
morungexpress,http://morungexpress.com/,general,ind
morungexpress,https://morungexpress.com/,general,ind
mosotho,http://mosotho.co.ls/,general,lso
mothership,https://mothership.sg/category/news/,general,sgp
mpasho,https://mpasho.co.ke/,general,ken
mpekuzihuru,http://www.mpekuzihuru.com/,general,tza
msn,https://www.msn.com/en-sg/news,general,sgp
munster_express,http://www.munster-express.ie,general,irl
mwakilishi,https://www.mwakilishi.com/,general,ken
mwanahalisionline,http://mwanahalisionline.com/,general,tza
mwanaspoti,https://www.mwanaspoti.co.tz/,general,tza
mwebantu,https://mwebantu.com/,general,zmb
mwebantu,https://mwebantu.news/,general,zmb
mwnation,https://www.mwnation.com/,general,mwi
myzimbabwe,https://www.myzimbabwe.co.zw/,general,zwe
nagalandpage,https://nagalandpage.com/,general,ind
nagalandpost,http://www.nagalandpost.com/,general,ind
naijaloaded,https://www.naijaloaded.com.ng/news,general,nga
naijanews,https://www.naijanews.com/,general,nga
nairobiwire,http://nairobiwire.com/,general,ken
namibian,https://www.namibian.com.na/,general,nam
namibianewsdigest,https://www.namibianewsdigest.com/,general,nam
namibiansun,https://www.namibiansun.com/,general,nam
namibtimes,https://www.namibtimes.net/,general,nam
nampa,https://www.nampa.org/,general,nam
nannews,https://www.nannews.ng/,general,nga
nassaupunch,http://nassaupunch.com/,general,bhs
nation,https://nairobinews.nation.co.ke/,general,ken
nation,https://www.nation.co.ke/,general,ken
nation,http://www.nation.sc/,general,syc
nation,https://nation.com.pk/,general,pak
nationaldailyng,http://nationaldailyng.com/,general,nga
nationalmirroronline,https://www.nationalmirroronline.net/,general,nga
nationalnetworkonline,https://www.nationalnetworkonline.com/,general,nga
nationalobserver,https://www.nationalobserver.com/,general,can
nationnews,https://www.nationnews.com/,general,brb
naurugov,http://www.naurugov.nr/government-information-office/media-release.aspx,general,nru
navhindtimes,http://www.navhindtimes.in/,general,ind
navhindtimes,https://www.navhindtimes.in/,general,ind
nawe,https://www.nawe.bi/,general,bdi
nbc,https://www.nbc.na/,general,nam
ncnews,http://www.ncnews.co.nz/,general,nzl
ncnguyana,http://www.ncnguyana.com/,general,guy
ndtv,https://www.ndtv.com/,general,ind
negroschronicle,https://negroschronicle.com/,general,phl
nehandaradio,https://nehandaradio.com/,general,zwe
nelsonweekly,http://nelsonweekly.co.nz/,general,nzl
nepituno,http://nepituno.to/,general,ton
neweralive,https://neweralive.na/,general,nam
neweurope,https://www.neweurope.eu/,general,bel
newindianexpress,https://www.newindianexpress.com/,general,ind
news18,https://www.news18.com/,general,ind
news24,https://city-press.news24.com/,general,zaf
news24,https://www.news24.com/Witness/,general,zaf
news24,https://www.news24.com/tags/places/kenya,general,ken
newsday,https://newsday.co.tt/,general,tto
newsday,https://www.newsday.co.zw/,general,zwe
newsghana,https://newsghana.com.gh/,general,gha
newsie,https://www.newsie.co.nz/,general,nzl
newsincyprus,http://www.newsincyprus.com/,general,cyp
newslexpoint,https://newslexpoint.com/,general,uga
newssourcegy,https://newssourcegy.com/,general,guy
newstodaynet,https://newstodaynet.com/,general,ind
newswhakatane,https://newswhakatane.nz/,general,nzl
newtelegraphng,https://www.newtelegraphng.com/,general,nga
newtimes,https://www.newtimes.co.rw/,general,rwa
newzimbabwe,https://www.newzimbabwe.com/,general,zwe
ngopulse,http://www.ngopulse.org/,general,zaf
nigeriacommunicationsweek,https://www.nigeriacommunicationsweek.com.ng/,general,nga
nigerianbulletin,https://www.nigerianbulletin.com/,general,nga
nigerianeye,http://www.nigerianeye.com/,general,nga
nigerianmonitor,http://www.nigerianmonitor.com/,general,nga
nigerianobservernews,http://nigerianobservernews.com/,general,nga
nigerianwatch,http://www.nigerianwatch.com/,general,nga
nigeriaworld,https://nigeriaworld.com/,general,nga
nightwatchsl,http://www.nightwatchsl.com/,general,sle
nilepost,https://nilepost.co.ug/,general,uga
nltimes,https://nltimes.nl/,general,nld
nongsain,http://www.nongsain.com/,general,ind
nordstjernan,http://www.nordstjernan.com/,general,swe
northcyprusfreepress,http://northcyprusfreepress.com/,general,cyp
nowgrenada,https://www.nowgrenada.com/,general,grd
nst,https://www.nst.com.my/,general,mys
ntnews,https://www.ntnews.com.au/,general,aus
nyasapost,http://nyasapost.com/,general,mwi
nyasatimes,https://www.nyasatimes.com/,general,mwi
nzcatholic,https://www.nzcatholic.org.nz/,general,nzl
nzherald,https://www.nzherald.co.nz/hawkes-bay-today/news/headlines.cfm?c_id=1503462,general,nzl
nzherald,https://www.nzherald.co.nz/bay-of-plenty-times/news/headlines.cfm?c_id=1503343,general,nzl
nzherald,https://www.nzherald.co.nz/wanganui-chronicle/news/headlines.cfm?c_id=1503426,general,nzl
nzherald,https://www.nzherald.co.nz/,general,nzl
nzherald,https://www.nzherald.co.nz/rotorua-daily-post/news/headlines.cfm?c_id=1503438,general,nzl
nzherald,https://www.nzherald.co.nz/northern-advocate/news/headlines.cfm?c_id=1503450,general,nzl
oamarumail,http://www.oamarumail.co.nz/,general,nzl
observer,https://www.observer.ug/,general,uga
observer24,https://www.observer24.com.na/,general,nam
odt,https://www.odt.co.nz/,general,nzl
offalyexpress,https://www.offalyexpress.ie/,general,irl
offalyindependent,https://www.offalyindependent.ie/,general,irl
officialmamasalone,http://www.officialmamasalone.com/,general,sle
offsite,https://www.offsite.com.cy/,general,cyp
ofm,https://www.ofm.co.za/,general,zaf
okay,https://www.okay.ng/,general,nga
one,http://www.one.com.mt/,general,mlt
oneindia,https://www.oneindia.com/,general,ind
onepng,https://www.onepng.com/,general,png
onlineindus,https://www.onlineindus.com/,general,pak
openzambia,https://www.openzambia.com/,general,zmb
organiser,https://www.organiser.org/,general,ind
orissapost,https://www.orissapost.com/,general,ind
osundefender,http://www.osundefender.com/,general,nga
ourjerusalem,http://www.ourjerusalem.com/,general,isr
outlook,https://www.outlookindia.com/,general,ind
pacificnote,https://www.pacificnote.com/,general,plw
pakistanchristianpost,http://www.pakistanchristianpost.com/,general,pak
pakistangulfeconomist,https://www.pakistangulfeconomist.com/,general,pak
pakistantoday,https://www.pakistantoday.com.pk/,general,pak
pakobserver,https://pakobserver.net/,general,pak
paktribune,https://www.paktribune.com/,general,pak
pazimbabwe,https://www.pazimbabwe.com/,general,zwe
pctimes,https://www.pctimes.co.nz/,general,nzl
peacefmonline,https://www.peacefmonline.com/,general,gha
penguin_news,http://www.penguin-news.com/,general,flk
peoplesdailyng,http://peoplesdailyng.com/,general,nga
peoplesdemocracy,https://peoplesdemocracy.in/,general,ind
ph_microscope,http://ph-microscope.com/,general,nga
philenews,https://in-cyprus.philenews.com/,general,cyp
philippinenews,https://philippinenews.com/,general,phl
philippinestoday,http://www.philippinestoday.net/,general,phl
philpressinstitute,https://philpressinstitute.net/,general,phl
philstar,https://www.philstar.com/,general,phl
pktribune,https://www.pktribune.com/,general,pak
plusliberia,https://plusliberia.com/,general,lbr
pmldaily,https://www.pmldaily.com/,general,uga
pmnewsnigeria,https://www.pmnewsnigeria.com/,general,nga
pna,https://www.pna.gov.ph/,general,phl
pngfacts,https://news.pngfacts.com/,general,png
pnggossip,http://www.pnggossip.com/,general,png
pngreport,https://www.pngreport.com/,general,png
politico,https://www.politico.eu/,general,bel
politicosl,https://www.politicosl.com/,general,sle
politics,https://politics.ie/,general,irl
politicsnigeria,https://politicsnigeria.com/,general,nga
politicsweb,https://www.politicsweb.co.za/,general,zaf
polity,https://www.polity.org.za/,general,zaf
ponsonbynews,http://ponsonbynews.co.nz/,general,nzl
postcourier,https://postcourier.com.pg/,general,png
potchefstroomherald,https://potchefstroomherald.co.za/,general,zaf
premiumtimesng,https://www.premiumtimesng.com/,general,nga
presscouncil,http://presscouncil.org.pk/,general,pak
pristineparadisepalau,https://www.pristineparadisepalau.com/,general,plw
ptinews,http://www.ptinews.com/,general,ind
publiceyenews,https://publiceyenews.com/,general,lso
pulse,https://www.pulse.com.gh/,general,gha
pulse,https://www.pulse.ng/,general,nga
pulselive,https://www.pulselive.co.ke/,general,ken
punchng,https://punchng.com/,general,nga
punjabiherald,https://www.punjabiherald.co.nz/,general,nzl
punto,https://punto.com.ph/,general,phl
qfmzambia,http://www.qfmzambia.com/,general,zmb
radiodemocracy,http://radiodemocracy.sl/,general,sle
radiomaria,https://www.radiomaria.mw/,general,mwi
radionigeria,https://www.radionigeria.gov.ng/,general,nga
radiotamazuj,https://radiotamazuj.org/en,general,sdn
radiovop,http://www.radiovop.com/,general,zwe
rai,http://www.rai.co.tz/,general,tza
raimoq,http://raimoq.com/,general,eri
rappler,https://www.rappler.com/,general,phl
rba,https://www.rba.co.rw/,general,rwa
rebelnews,http://www.rebelnews.ie/,general,irl
redpepper,https://redpepper.co.ug/,general,uga
rekordeast,https://rekordeast.co.za/,general,zaf
reliefweb,https://reliefweb.int/country/syc,general,syc
reportghananews,http://www.reportghananews.com/,general,gha
republican_news,https://republican-news.org/,general,irl
republicworld,https://www.republicworld.com/,general,ind
reviewonline,https://reviewonline.co.za/,general,zaf
ripplesnigeria,https://www.ripplesnigeria.com/,general,nga
risingsunchatsworth,https://risingsunchatsworth.co.za/,general,zaf
rjrnewsonline,http://rjrnewsonline.com/,general,jam
roscommonherald,https://roscommonherald.ie/,general,irl
royalgazette,http://www.royalgazette.com/,general,bmu
royaltimes,http://royaltimes.net/,general,nga
rugali,https://rugali.com/,general,rwa
rwandapaparazzi,https://rwandapaparazzi.rw/,general,rwa
rwandatoday,http://rwandatoday.africa/,general,rwa
sabcnews,https://www.sabcnews.com/sabcnews/,general,zaf
sagoodnews,https://www.sagoodnews.co.za/,general,zaf
saharareporters,http://saharareporters.com/,general,nga
sajr,https://www.sajr.co.za/,general,zaf
sakshi,https://english.sakshi.com/,general,ind
samarnews,https://samarnews.com/,general,phl
samoa,https://www.samoa.travel/,general,wsm
samoagovt,http://www.samoagovt.ws/,general,wsm
samoaobserver,https://www.samoaobserver.ws/,general,wsm
sanews,https://www.sanews.gov.za/,general,zaf
sanpedrosun,https://www.sanpedrosun.com/,general,blz
saoirse,https://www.saoirse.info/,general,irl
says,https://says.com/my,general,mys
sbc,https://sbc.sc/,general,syc
scene,http://www.scene.co.nz/,general,nzl
scmp,https://www.scmp.com/,general,hkg
scoop,https://www.scoop.co.nz/,general,nzl
scotsman,https://www.scotsman.com/,general,irl
scroll,https://scroll.in/,general,ind
sedibengster,https://sedibengster.com/,general,zaf
sentinelassam,https://www.sentinelassam.com/,general,ind
seychelles,https://www.seychelles.travel/,general,syc
seychellesweekly,http://www.seychellesweekly.com/,general,syc
seyweekly,http://www.seyweekly.com/,general,syc
shabait,http://www.shabait.com/,general,eri
sharenet,https://www.sharenet.co.za/,general,zaf
shinmin,https://www.shinmin.sg/,general,sgp
siasat,https://siasat.com.pk/,general,pak
sibconline,http://www.sibconline.com.sb/,general,slb
sierra_leone,http://www.sierra-leone.info/,general,sle
sierraexpressmedia,https://sierraexpressmedia.com/,general,sle
sierraleonepress,https://www.sierraleonepress.com/,general,sle
sigmalive,https://simerini.sigmalive.com/,general,cyp
sikkimexpress,http://sikkimexpress.com/,general,ind
slconcordtimes,http://slconcordtimes.com/,general,sle
sligoweekender,http://sligoweekender.ie/,general,irl
sloveniatimes,http://www.sloveniatimes.com/,general,svn
smartnewsliberia,https://smartnewsliberia.com/,general,lbr
soccerladuma,https://www.soccerladuma.co.za/,general,zaf
softpower,https://www.softpower.ug/,general,uga
solomonstarnews,http://www.solomonstarnews.com/,general,slb
solomontimes,https://www.solomontimes.com/,general,slb
solowayne,https://solowayne.com/,general,cmr
southafricatoday,https://southafricatoday.net/,general,zaf
southcoastherald,https://southcoastherald.co.za/,general,zaf
southcoastsun,https://southcoastsun.co.za/,general,zaf
southerneye,http://www.southerneye.co.zw/,general,zwe
southernstar,https://www.southernstar.ie/,general,irl
southerntimesafrica,https://southerntimesafrica.com/,general,nam
sowetanlive,https://www.sowetanlive.co.za/,general,zaf
spiceislander,http://spiceislander.com/,general,grd
spicevibes,https://www.spicevibes.com/,general,grd
sportingbarbados,https://www.sportingbarbados.com/,general,brb
sportsmediasolomonislands,http://sportsmediasolomonislands.com/,general,slb
sqoop,https://www.sqoop.co.ug/,general,uga
stabroeknews,https://www.stabroeknews.com/,general,guy
standard,https://standard.gm/,general,gmb
standardmedia,https://www.standardmedia.co.ke/,general,ken
standardtimespress,http://standardtimespress.org/,general,sle
starofmysore,https://starofmysore.com/,general,ind
startpage,https://news.startpage.co.il/english/,general,isr
statehouse,http://statehouse.gm/news,general,gmb
statehouse,https://statehouse.gov.sl/,general,sle
statetimes,http://news.statetimes.in/,general,ind
statetimes,https://web.statetimes.in/,general,ind
stearsng,https://www.stearsng.com/,general,nga
straitstimes,https://stomp.straitstimes.com/,general,sgp
straitstimes,https://www.straitstimes.com/,general,sgp
stuff,https://www.stuff.co.nz/taranaki-daily-news/,general,nzl
stuff,https://www.stuff.co.nz/sunday-star-times/,general,nzl
stuff,https://www.stuff.co.nz/manawatu-standard/,general,nzl
stuff,https://www.stuff.co.nz/the-press/,general,nzl
stuff,https://www.stuff.co.nz/timaru-herald/,general,nzl
stuff,https://www.stuff.co.nz/nelson-mail/,general,nzl
stuff,https://www.stuff.co.nz/southland-times/,general,nzl
stuff,https://www.stuff.co.nz/waikato-times/,general,nzl
stuff,https://www.stuff.co.nz/dominion-post/,general,nzl
subhenoe,https://subhenoe.com/,general,pak
sudantribune,http://www.sudantribune.com/,general,sdn
sundayexpress,https://sundayexpress.co.ls/,general,lso
sundayguardianlive,https://www.sundayguardianlive.com/,general,ind
sundayislessolomonislands,http://sundayislessolomonislands.com/,general,slb
sundaymail,https://www.sundaymail.co.zw/,general,zwe
sundaynews,https://www.sundaynews.co.zw/,general,zwe
sundaystandard,https://www.sundaystandard.info/,general,bwa
sundayworld,https://www.sundayworld.com/,general,irl
sundominica,http://sundominica.com/,general,dma
sunlive,https://www.sunlive.co.nz/,general,nzl
sunnewsonline,https://www.sunnewsonline.com/,general,nga
sunrise,http://www.sunrise.ug/,general,uga
sunstar,https://www.sunstar.com.ph/pampanga,general,phl
sunstar,https://www.sunstar.com.ph/cagayan-de-oro,general,phl
sunstar,https://www.sunstar.com.ph/,general,phl
swissinfo,http://www.swissinfo.ch/,general,che
switsalone,https://www.switsalone.com/,general,sle
syandanpatrika,http://www.syandanpatrika.com/,general,ind
talamua,http://www.talamua.com/,general,wsm
techcentral,https://techcentral.co.za/,general,zaf
techtrends,http://www.techtrends.co.zm/,general,zmb
telegraphindia,https://www.telegraphindia.com/,general,ind
telenganatoday,https://telanganatoday.com/,general,ind
televisionjamaica,https://www.televisionjamaica.com/,general,jam
tellzim,http://www.tellzim.com/,general,zwe
tempo,http://www.tempo.com.ph/,general,phl
tesfanews,https://www.tesfanews.net/,general,eri
the_riotact,https://the-riotact.com/,general,aus
the_star,https://www.the-star.co.ke/,general,ken
theabaconian,http://www.theabaconian.com/,general,bhs
theabujainquirer,http://www.theabujainquirer.com/,general,nga
theannouncer,https://theannouncer.co.za/,general,zaf
theantiguan,https://www.theantiguan.com/,general,atg
theaustralian,https://www.theaustralian.com.au/,general,aus
thebahamasweekly,http://www.thebahamasweekly.com/,general,bhs
thebarnaclenews,https://www.thebarnaclenews.com/,general,grd
thebeacon,https://thebeacon.co.nz/,general,nzl
thebftonline,https://thebftonline.com/,general,gha
theborneopost,https://www.theborneopost.com/,general,mys
thebusinessconnect,http://www.thebusinessconnect.co.zw/,general,zwe
thecable,https://www.thecable.ng/,general,nga
thecalabashnewspaper,https://thecalabashnewspaper.com/,general,sle
thechronicle,https://thechronicle.com.gh/,general,gha
thechronicleherald,https://www.thechronicleherald.ca/,general,can
thecitizen,https://www.thecitizen.co.tz/,general,tza
thecitizenng,https://thecitizenng.com/,general,nga
thecollegeview,https://www.thecollegeview.com/,general,irl
thedcn,https://www.thedcn.com.au/,general,aus
thedominican,https://www.thedominican.net/,general,dma
theeagleonline,https://theeagleonline.com.ng/,general,nga
theeastafrican,https://www.theeastafrican.co.ke/,general,ken
thefilipinoconnection,https://thefilipinoconnection.net/,general,phl
thefinancialdaily,https://thefinancialdaily.com/,general,pak
thefinderonline,https://www.thefinderonline.com/,general,gha
thefreeportnews,http://thefreeportnews.com/,general,bhs
thefridaytimes,https://www.thefridaytimes.com/,general,pak
thefrontierpost,https://thefrontierpost.com/,general,pak
theglobeandmail,https://www.theglobeandmail.com/,general,can
thegrapevine,https://www.thegrapevine.co.ug/,general,uga
thegremlin,https://www.thegremlin.co.za/,general,zaf
thegrenadainformer,https://www.thegrenadainformer.com/,general,grd
thehansindia,https://www.thehansindia.com/,general,ind
thehawk,http://www.thehawk.in/,general,ind
theheraldghana,http://theheraldghana.com/,general,gha
thehindu,https://www.thehindu.com/,general,ind
thehindubusinessline,https://www.thehindubusinessline.com/,general,ind
thehitavada,https://www.thehitavada.com/,general,ind
theindependent,http://theindependent.sg/,general,sgp
theinvestigatornews,https://theinvestigatornews.com/,general,uga
theirishworld,http://www.theirishworld.com/,general,irl
theislandsun,http://theislandsun.com.sb/,general,slb
thejetnewspaper,http://www.thejetnewspaper.com/,general,fji
thejournal,https://www.thejournal.ie/,general,irl
theliberiandialogue,http://theliberiandialogue.org/,general,lbr
themalaysianreserve,https://themalaysianreserve.com/,general,mys
themidweeksun,http://www.themidweeksun.co.bw/,general,bwa
themonroviatimes,https://themonroviatimes.com/,general,lbr
themonthly,https://www.themonthly.com.au/,general,aus
themontserratreporter,https://www.themontserratreporter.com/,general,msr
themunicheye,https://themunicheye.com/,general,deu
thenassauguardian,https://thenassauguardian.com/,general,bhs
thenational,https://www.thenational.com.pg/,general,png
thenationonlineng,https://thenationonlineng.net/,general,nga
thenewdawnliberia,https://thenewdawnliberia.com/,general,lbr
thenewhumanitarian,http://www.thenewhumanitarian.org/asia/papua-new-guinea,general,png
thenewrisingsun,http://thenewrisingsun.net/,general,sle
thenews,https://www.thenews.com.pk/,general,pak
thenewstoday,http://www.thenewstoday.info/,general,phl
thenigerianvoice,https://www.thenigerianvoice.com/,general,nga
theonlinecitizen,https://www.theonlinecitizen.com/,general,sgp
theorganiser,https://theorganiser.net/,general,sle
thepatriot,https://thepatriot.com.na/,general,nam
thepatriot,https://www.thepatriot.co.zw/,general,zwe
thepatriot,http://www.thepatriot.co.bw/,general,bwa
thepatrioticvanguard,http://www.thepatrioticvanguard.com/,general,sle
theperspective,http://www.theperspective.org/,general,lbr
thepinoy,http://thepinoy.net/,general,phl
thepoint,https://thepoint.gm/,general,gmb
thepointng,http://www.thepointng.com/,general,nga
thepost,http://www.thepost.co.ls/,general,lso
theprint,https://theprint.in/,general,ind
therecord,https://www.therecord.com/,general,can
therwandan,http://www.therwandan.com/,general,rwa
thesaturdaypaper,https://www.thesaturdaypaper.com.au/,general,aus
theshillongtimes,https://theshillongtimes.com/,general,ind
thesierraleonetelegraph,https://www.thesierraleonetelegraph.com/,general,sle
thesouthafrican,https://www.thesouthafrican.com/,general,zaf
thesouthlandapp,https://www.thesouthlandapp.co.nz/advocatesouth,general,nzl
thespec,https://www.thespec.com/,general,can
thestandard,https://www.thestandard.co.zw/,general,zwe
thestandard,https://www.thestandard.com.hk/,general,hkg
thestar,https://www.thestar.com/,general,can
thestar,https://www.thestar.com.my/,general,mys
thestatesman,https://www.thestatesman.com/,general,ind
thesuncameroon,https://thesuncameroon.cm/,general,cmr
thesundaily,https://www.thesundaily.my/,general,mys
thetidenewsonline,http://www.thetidenewsonline.com/,general,nga
thevoicebw,https://www.thevoicebw.com/,general,bwa
theweek,https://www.theweek.in/,general,ind
theweekendsun,https://www.theweekendsun.co.nz/,general,nzl
thewillnigeria,https://thewillnigeria.com/news/,general,nga
thewire,https://thewire.in/,general,ind
thezimbabwean,http://www.thezimbabwean.co/,general,zwe
thezimbabwedaily,https://thezimbabwedaily.com/,general,zwe
thezimbabwemail,https://www.thezimbabwemail.com/,general,zwe
thezimbabwenewslive,http://www.thezimbabwenewslive.com/,general,zwe
thinkersnewsng,https://www.thinkersnewsng.com/,general,nga
thisdaylive,https://www.thisdaylive.com/,general,nga
thisissierraleone,http://www.thisissierraleone.com/,general,sle
timelesstuvalu,https://www.timelesstuvalu.com/,general,tuv
times,http://www.times.co.zm/,general,zmb
times,https://times.mw/,general,mwi
times,https://www.times.co.nz/,general,nzl
times_age,https://times-age.co.nz/,general,nzl
timescolonist,https://www.timescolonist.com/,general,can
timeslive,https://www.timeslive.co.za/,general,zaf
timesmediamw,http://timesmediamw.com/,general,mwi
timesnownews,https://www.timesnownews.com/,general,ind
timesofassam,https://www.timesofassam.com/,general,ind
timesofindia,https://timesofindia.indiatimes.com/,general,ind
timesofisrael,https://www.timesofisrael.com/,general,isr
tiozambia,https://tiozambia.com/,general,zmb
tipperarylive,https://www.tipperarylive.ie/,general,irl
tlcafrica,https://www.tlcafrica.com/,general,lbr
tnp,https://www.tnp.sg/,general,sgp
today,https://www.today.ng/,general,nga
todaygh,https://www.todaygh.com/,general,gha
todayinseychelles,https://www.todayinseychelles.com/,general,syc
todayonline,https://www.todayonline.com/,general,sgp
tonga_broadcasting,http://www.tonga-broadcasting.net/,general,ton
tori,https://www.tori.ng/,general,nga
tremeritus,http://www.tremeritus.net/,general,sgp
tribune,https://tribune.com.pk/,general,pak
tribune242,http://www.tribune242.com/,general,bhs
tribuneindia,https://www.tribuneindia.com/,general,ind
tribuneonlineng,https://tribuneonlineng.com/,general,nga
trinidadandtobagonews,http://www.trinidadandtobagonews.com/,general,tto
trinidadexpress,https://www.trinidadexpress.com/,general,tto
tscheldt,https://www.tscheldt.be/,general,bel
tuamherald,https://www.tuamherald.ie/,general,irl
tuko,https://www.tuko.co.ke/,general,ken
tullamoretribune,http://www.tullamoretribune.ie/,general,irl
tumfweko,http://tumfweko.com/,general,zmb
tuvaluislands,http://www.tuvaluislands.com/,general,tuv
tv6tnt,https://www.tv6tnt.com/,general,tto
tvb,https://www.tvb.com/,general,hkg
ugandandiasporanews,http://www.ugandandiasporanews.com/,general,uga
ugandaonline,https://www.ugandaonline.net/,general,uga
ugbusiness,https://ugbusiness.com/,general,uga
ugpulse,http://www.ugpulse.com/,general,uga
ukwezi,http://en.ukwezi.rw/,general,rwa
umurimo,http://umurimo.com/,general,rwa
umuryango,http://umuryango.rw/eng/,general,rwa
umuseke,https://umuseke.rw/,general,rwa
vaalweekblad,https://vaalweekblad.com/,general,zaf
vanakkammalaysia,http://vanakkammalaysia.com.my/,general,mys
vanguardngr,https://www.vanguardngr.com/,general,nga
vindobona,https://www.vindobona.org/,general,aut
virginislandsnewsonline,http://www.virginislandsnewsonline.com/en,general,vgb
virtualjerusalem,https://www.virtualjerusalem.com/,general,isr
visayandailystar,https://news.visayandailystar.com/,general,phl
visitmontserrat,http://www.visitmontserrat.com/,general,msr
waihekegulfnews,http://www.waihekegulfnews.co.nz/,general,nzl
waitomonews,https://waitomonews.co.nz/,general,nzl
wanbao,https://www.wanbao.com.sg/,general,sgp
watchdoguganda,https://www.watchdoguganda.com/,general,uga
waterford_news,https://waterford-news.ie/,general,irl
web,https://informante.web.na/,general,nam
weefmgrenada,https://www.weefmgrenada.com/,general,grd
weekender,https://weekender.com.sg/,general,sgp
weekendpost,https://www.weekendpost.co.bw/,general,bwa
weeklytimesnow,https://www.weeklytimesnow.com.au/,general,aus
westernmirror,http://westernmirror.com/,general,jam
westernpeople,https://westernpeople.ie/,general,irl
westmeathexaminer,https://www.westmeathexaminer.ie/,general,irl
westmeathindependent,https://www.westmeathindependent.ie/,general,irl
whatson_gambia,http://whatson-gambia.com/,general,gmb
wikipedia,https://en.wikipedia.org/wiki/Eritrea,general,eri
wikipedia,https://en.wikipedia.org/wiki/Papua_New_Guinea,general,png
wikipedia,https://en.wikipedia.org/wiki/Falkland_Islands,general,flk
wikipedia,https://en.wikipedia.org/wiki/Marshall_Islands,general,mhl
wikipedia,https://en.wikipedia.org/wiki/Grenada,general,grd
wikipedia,https://en.wikipedia.org/wiki/Nauru,general,nru
wikipedia,https://en.wikipedia.org/wiki/Burundi,general,bdi
wikipedia,https://en.wikipedia.org/wiki/Seychelles,general,syc
wikipedia,https://en.wikipedia.org/wiki/Vanuatu,general,vut
wikipedia,https://en.wikipedia.org/wiki/Palau,general,plw
wikipedia,https://en.wikipedia.org/wiki/Montserrat,general,msr
wikipedia,https://en.wikipedia.org/wiki/Tuvalu,general,tuv
wikipedia,https://en.wikipedia.org/wiki/Solomon_Islands,general,slb
wikipedia,https://en.wikipedia.org/wiki/Kiribati,general,kir
wikipedia,https://en.wikipedia.org/wiki/Samoa,general,wsm
wikipedia,https://en.wikipedia.org/wiki/Lesotho,general,lso
winnipegfreepress,https://www.winnipegfreepress.com/,general,can
wired868,https://wired868.com/,general,tto
witsvuvuzela,http://witsvuvuzela.com/,general,zaf
wordpress,https://thenewghanaian.wordpress.com/,general,gha
wpn,https://www.wpn.co.nz/,general,nzl
wsamoa,http://www.wsamoa.ws/,general,wsm
www,https://www.gov.rw/,general,rwa
yahoo,https://za.yahoo.com/,general,zaf
yahoo,https://sg.news.yahoo.com/philippines/,general,phl
yahoo,https://sg.news.yahoo.com/,general,sgp
yehey,https://yehey.com/,general,phl
yen,https://yen.com.gh/,general,gha
ynaija,https://ynaija.com/,general,nga
ynetnews,https://www.ynetnews.com/,general,isr
zambia,https://zambia.co.zm/,general,zmb
zambiainvest,http://www.zambiainvest.com/,general,zmb
zambianews365,https://zambianews365.com/,general,zmb
zambianeye,http://zambianeye.com/,general,zmb
zambianfootball,http://zambianfootball.co.zm/,general,zmb
zambianobserver,https://www.zambianobserver.com/,general,zmb
zambianpolitics,https://www.zambianpolitics.com/,general,zmb
zambiareports,https://zambiareports.com/,general,zmb
zambiawatchdog,https://www.zambiawatchdog.com/,general,zmb
zanis,http://www.zanis.com.zm/,general,zmb
zaobao,https://www.zaobao.com.sg/,general,sgp
zbcnews,https://www.zbcnews.co.zw/,general,zwe
zedgossip,https://www.zedgossip.net/,general,zmb
zeenews,https://zeenews.india.com/,general,ind
zimbabwe_today,https://zimbabwe-today.com/,general,zwe
zimbabwesituation,https://www.zimbabwesituation.com/,general,zwe
zimeye,https://www.zimeye.net/,general,zwe
zodiakmalawi,https://www.zodiakmalawi.com/,general,mwi
zoutnet,https://www.zoutnet.co.za/,general,zaf
zululandobserver,https://zululandobserver.co.za/,general,zaf
