name,homeurl,domain,country
1jour1actu,https://www.1jour1actu.com/,general,fra
20min,https://www.20min.ch/ro/,general,che
20minutes,https://www.20minutes.fr/,general,fra
228actu,http://www.228actu.com/,general,tgo
237actu,https://237actu.com/,general,cmr
237cameroun,https://237cameroun.online/,general,cmr
237online,https://www.237online.com/,general,cmr
24haubenin,https://www.24haubenin.info/,general,ben
24heures,https://www.24heures.ch/,general,che
27avril,https://www.27avril.com/,general,tgo
5plus,https://www.5plus.mu/,general,mus
abamako,http://www.abamako.com/,general,mli
abangui,http://abangui.com/,general,caf
acotonou,http://www.acotonou.com/,general,ben
actu,https://actu.fr/l-informateur-d-eu/,general,fra
actu,https://actu.fr/voix-du-jura/,general,fra
actu_comores,https://www.actu-comores.com/,general,com
actubenin,http://actubenin.com/,general,ben
actucameroun,https://actucameroun.com/,general,cmr
actuguinee,https://actuguinee.org/,general,gin
actuniger,https://www.actuniger.com/,general,ner
actusen,https://actusen.sn/,general,sen
adakar,http://www.adakar.com/,general,sen
adi,http://www.adi.dj/,general,dji
afp,https://www.afp.com/,general,fra
afreepress,https://afreepress.info/,general,tgo
afribone,https://afribone.com/,general,mli
africaguinee,https://www.africaguinee.com/,general,gin
africanmanager,https://africanmanager.com/,general,tun
afrinews,http://afrinews.org/,general,gin
agencecamerounpresse,https://agencecamerounpresse.com/,general,cmr
agpgabon,http://www.agpgabon.ga/,general,gab
aib,https://www.aib.media/,general,bfa
airinfoagadez,https://airinfoagadez.com/,general,ner
alchourouk,http://www.alchourouk.com/,general,tun
alger_republicain,http://www.alger-republicain.com/,general,dza
algerie1,https://www.algerie1.com/,general,dza
algerie360,https://www.algerie360.com/,general,dza
algerie_dz,http://www.algerie-dz.com/,general,dza
algerie_eco,https://www.algerie-eco.com/,general,dza
algeriepartplus,https://algeriepartplus.com/,general,dza
algeriepatriotique,https://www.algeriepatriotique.com/,general,dza
alibreville,http://www.alibreville.com/,general,gab
alome,http://www.alome.com/,general,tgo
alpes_et_midi,https://www.alpes-et-midi.fr/,general,fra
alternativeniger,http://www.alternativeniger.net/,general,ner
alterpresse,http://www.alterpresse.org/,general,hti
alwatwan,http://www.alwatwan.net/,general,com
alwihdainfo,https://www.alwihdainfo.com/,general,tcd
amap,https://amap.ml/,general,mli
aminata,https://aminata.com/,general,gin
aniamey,http://www.news.aniamey.com/,general,ner
aouaga,http://www.aouaga.com/,general,bfa
aps,http://www.aps.sn/,general,sen
arcinfo,https://www.arcinfo.ch/,general,che
arib,http://www.arib.info/,general,bdi
aujourd8,https://www.aujourd8.net/,general,bfa
aujourdhui,http://aujourdhui.ma/,general,mar
aujourdhui_en_guinee,http://www.aujourdhui-en-guinee.com/,general,gin
avesnois,http://www.avesnois.com/,general,fra
bamada,http://bamada.net/,general,mli
benininfo,https://www.benininfo.com/,general,ben
beninplus,https://www.beninplus.com/,general,ben
beninsite,http://beninsite.net/,general,ben
benintimes,https://www.benintimes.info/,general,ben
bfmtv,https://rmc.bfmtv.com/,general,mco
bienpublic,https://www.bienpublic.com/,general,fra
bladi,https://www.bladi.net/,general,mar
bonaberi,https://www.bonaberi.com/,general,cmr
bonjourdakar,https://www.bonjourdakar.com/,general,sen
boursorama,https://www.boursorama.com/,general,fra
burkina24,https://www.burkina24.com/,general,bfa
burkinainfo,https://www.burkinainfo.com/,general,bfa
burundi_agnews,http://burundi-agnews.org/,general,bdi
burundi_forum,https://www.burundi-forum.org/,general,bdi
burundi_information,https://www.burundi-information.net/index.html,general,bdi
businessnews,https://www.businessnews.com.tn/,general,tun
buzzsenegal,http://www.buzzsenegal.com/,general,sen
cameplus,https://www.cameplus.com/,general,cmr
camer,http://camer.be/,general,cmr
camer,http://www.camer.be/,general,bel
cameroon_info,http://www.cameroon-info.net/,general,cmr
cameroon_report,https://cameroon-report.com/,general,cmr
cameroon_tribune,https://www.cameroon-tribune.cm/,general,cmr
cameroononline,https://www.cameroononline.org/,general,cmr
cameroonvoice,https://cameroonvoice.com/,general,cmr
cameroonweb,https://www.cameroonweb.com/,general,cmr
cameroun24,http://www.cameroun24.net/,general,cmr
camerounlink,http://www.camerounlink.com/,general,cmr
camfoot,https://www.camfoot.com/,general,cmr
canal2international,http://www.canal2international.net/,general,cmr
cathobel,https://www.cathobel.be/,general,bel
cefib,http://www.cefib.com/,general,mli
centrafrique,http://www.centrafrique.info/,general,caf
centrafrique_presse,https://www.centrafrique-presse.info/,general,caf
centrafriqueledefi,https://www.centrafriqueledefi.com/,general,caf
centre_presse,https://www.centre-presse.fr/,general,fra
centrepresseaveyron,https://www.centrepresseaveyron.fr/,general,fra
charentelibre,https://www.charentelibre.fr/,general,fra
charliehebdo,https://charliehebdo.fr/,general,fra
cnews,https://www.cnews.fr/,general,fra
comores_infos,http://www.comores-infos.net/,general,com
comores_online,http://www.comores-online.com/Comores-infosweb/,general,com
conakryinfos,https://www.conakryinfos.com/,general,gin
corsematin,https://www.corsematin.com/,general,fra
courriercasablanca,http://www.courriercasablanca.com/,general,mar
courrierinternational,https://www.courrierinternational.com/,general,fra
crtv,http://www.crtv.cm/,general,cmr
cyber_diego,https://latribune.cyber-diego.com/,general,mdg
dailynewscameroon,https://www.dailynewscameroon.com/,general,cmr
dailynord,https://dailynord.fr/,general,fra
dakaractu,https://www.dakaractu.com/,general,sen
dakarbuzz,http://dakarbuzz.net/,general,sen
dakarmatin,http://www.dakarmatin.com/,general,sen
defimedia,https://defimedia.info/,general,mus
depechedekabylie,https://www.depechedekabylie.com/,general,dza
dhnet,https://www.dhnet.be/,general,bel
dia_algerie,http://dia-algerie.com/,general,dza
directinfosgabon,https://directinfosgabon.com/,general,gab
djibnet,http://www.djibnet.com/,general,dji
dna,https://www.dna.fr/,general,fra
dordognelibre,https://www.dordognelibre.fr/,general,fra
echosdunord,http://echosdunord.com/,general,gab
ecoaustral,http://ecoaustral.com/,general,mus
economie_gabon,https://economie-gabon.ga/,general,gab
elmoudjahid,http://www.elmoudjahid.com/,general,dza
elwatan,https://www.elwatan.com/,general,dza
emergence_togo,http://www.emergence-togo.com/,general,tgo
espacemanager,https://www.espacemanager.com/,general,tun
estrepublicain,https://www.estrepublicain.fr/,general,fra
evenement_bf,http://www.evenement-bf.net/,general,bfa
faso_actu,https://www.faso-actu.net/,general,bfa
fasopresse,http://www.fasopresse.net/,general,bfa
fasozine,http://www.fasozine.com/,general,bfa
fdesouche,http://www.fdesouche.com/,general,fra
foot221,http://foot221.com/,general,sen
foot224,http://www.foot224.co/,general,gin
france,https://www.france.tv/,general,fra
france24,https://www.france24.com/fr/,general,fra
francesoir,http://www.francesoir.fr/,general,fra
francetvinfo,https://la1ere.francetvinfo.fr/mayotte/,general,com
fraternitebj,https://www.fraternitebj.info/,general,ben
fraternitenews,https://fraternitenews.info/,general,tgo
gabonallsport,http://gabonallsport.info/,general,gab
gabonews,http://www.gabonews.com/,general,gab
gaboninitiatives,https://www.gaboninitiatives.com/,general,gab
gabonmediatime,https://www.gabonmediatime.com/,general,gab
gabonreview,http://www.gabonreview.com/,general,gab
galsen221,https://galsen221.com/,general,sen
gnakrylive,https://www.gnakrylive.com/,general,gin
gnet,https://www.gnet.tn/,general,tun
golfegroupe,http://www.golfegroupe.com/,general,ben
grandbaie,http://www.grandbaie.mu/,general,mus
grenzecho,https://www.grenzecho.net/,general,bel
guinee360,https://www.guinee360.com/,general,gin
guinee7,https://guinee7.com/,general,gin
guineeactu,http://guineeactu.info/,general,gin
guineefoot,https://guineefoot.info/,general,gin
guineelive,https://guineelive.com/,general,gin
guineematin,https://guineematin.com/,general,gin
guineenews,https://www.guineenews.org/,general,gin
h24info,https://www.h24info.ma/,general,mar
habarizacomores,https://www.habarizacomores.com/,general,com
haiti24,http://haiti24.net/,general,hti
haiti_progres,http://haiti-progres.com/,general,hti
haitiliberte,https://haitiliberte.com/,general,hti
haitilibre,https://www.haitilibre.com/,general,hti
hauteprovenceinfo,http://www.hauteprovenceinfo.com/,general,fra
hpnhaiti,http://www.hpnhaiti.com/nouvelles/,general,hti
huffingtonpost,https://www.huffingtonpost.fr/,general,fra
humanite,https://www.humanite.fr/,general,fra
icibenin,http://www.icibenin.com/,general,ben
icilome,https://www.icilome.com/,general,tgo
iciniger,http://www.iciniger.com/,general,ner
igfm,http://www.igfm.sn/,general,sen
ilemaurice_tourisme,http://ilemaurice-tourisme.info/,general,mus
independantexpress,http://www.independantexpress.net/,general,tgo
info241,http://info241.com/,general,gab
info_mali,https://www.info-mali.com/,general,mli
info_matin,http://info-matin.ml/,general,mli
infodujour,https://infodujour.fr/,general,fra
infokmada,http://www.infokmada.com/,general,mdg
infomoris,https://infomoris.com/,general,mus
infosgabon,https://fr.infosgabon.com/,general,gab
inovaovao,http://www.inovaovao.com/,general,mdg
inside,https://www.inside.news/,general,mus
ionnews,https://ionnews.mu/,general,mus
isanganiro,https://isanganiro.org/,general,bdi
itaraburundi,https://fr.itaraburundi.com/,general,bdi
iwacu_burundi,https://www.iwacu-burundi.org/,general,bdi
jeanmarcmorandini,https://www.jeanmarcmorandini.com/,general,fra
jeuneafrique,https://www.jeuneafrique.com/pays/tchad/,general,tcd
jeuneafrique,https://www.jeuneafrique.com/pays/seychelles/,general,syc
jeuneafrique,https://www.jeuneafrique.com/pays/burundi/,general,bdi
jeuneafrique,https://www.jeuneafrique.com/pays/guinee-equatoriale/,general,gnq
jeuneafrique,https://www.jeuneafrique.com/pays/centrafrique/,general,caf
jhm,http://www.jhm.fr/,general,fra
journal_adjinakou_benin,https://www.journal-adjinakou-benin.net/,general,ben
journaldebangui,https://www.journaldebangui.com/,general,caf
journalducameroun,https://www.journalducameroun.com/,general,cmr
journaldujura,https://www.journaldujura.ch/,general,che
journaldumali,https://www.journaldumali.com/,general,mli
journaltahalil,http://www.journaltahalil.com/,general,mrt
kababachir,http://www.kababachir.com/,general,gin
kaloumpresse,http://kaloumpresse.com/,general,gin
kangbi_ndara,https://kangbi-ndara.info/,general,caf
kapitalis,http://kapitalis.com/,general,tun
kassataya,https://kassataya.com/,general,mrt
kawarji,https://www.kawarji.com/,general,tun
kewoulo,https://kewoulo.info/,general,sen
koldanews,https://www.koldanews.com/,general,sen
koulouba,https://koulouba.com/,general,mli
l_integration,http://www.l-integration.com/,general,ben
la_croix,https://www.la-croix.com/,general,fra
lacapitale,https://www.lacapitale.be/,general,bel
lacote,https://www.lacote.ch/,general,che
lactualite,https://www.lactualite.mg/,general,mdg
ladepeche,https://www.ladepeche.fr/,general,fra
lagazette_dgi,http://www.lagazette-dgi.com/,general,mdg
lagazettedescomores,http://lagazettedescomores.com/,general,com
lagruyere,https://www.lagruyere.ch/,general,che
lakroa,http://www.lakroa.mg/,general,mdg
laliberte,https://www.laliberte.ch/,general,che
lalibre,https://www.lalibre.be/,general,bel
lalsace,https://www.lalsace.fr/,general,fra
lameuse,https://www.lameuse.be/,general,bel
lamontagne,https://www.lamontagne.fr/,general,fra
lanation,http://www.lanation.dj/,general,dji
lanationbenin,https://lanationbenin.info/,general,ben
lanouvellegazette,https://www.lanouvellegazette.be/,general,bel
lanouvellerepublique,https://www.lanouvellerepublique.fr/,general,fra
lanouvelletribune,https://lanouvelletribune.info/,general,ben
lanouvelletribune,https://lanouvelletribune.net/,general,tgo
lapresse,https://lapresse.tn/,general,tun
lapresse,https://www.lapresse.ca/,general,can
laprosperiteonline,https://laprosperiteonline.net/,general,dji
laprovence,https://www.laprovence.com/,general,fra
laprovince,https://www.laprovince.be/,general,bel
larep,https://www.larep.fr/,general,fra
larepubliquedespyrenees,https://www.larepubliquedespyrenees.fr/,general,fra
latribune,https://www.latribune.fr/,general,fra
lausannecites,https://www.lausannecites.ch/,general,che
lauthentic,http://www.lauthentic.info/,general,mrt
lautomarche,http://lautomarche.com/,general,dza
lavenir,https://www.lavenir.net/,general,bel
laverite,http://www.laverite.mg/,general,mdg
lavieeco,https://www.lavieeco.com/,general,mar
laviesenegalaise,https://www.laviesenegalaise.com/,general,sen
lavoixdedjibouti,http://lavoixdedjibouti.info/,general,dji
lavoixdelanation,https://lavoixdelanation.info/,general,tgo
lavoixdunord,https://www.lavoixdunord.fr/,general,fra
lavoixdupaysan,https://www.lavoixdupaysan.net/,general,cmr
lci,https://www.lci.fr/,general,fra
leaders,https://www.leaders.com.tn/,general,tun
leberry,https://www.leberry.fr/,general,fra
lebledparle,https://www.lebledparle.com/,general,cmr
lecalame,http://www.lecalame.info/,general,mrt
lecanardenchaine,https://www.lecanardenchaine.fr/,general,fra
lecho,https://www.lecho.be/,general,bel
lechorepublicain,https://www.lechorepublicain.fr/,general,fra
leconomiste,https://www.leconomiste.com/,general,mar
leconomistebenin,https://leconomistebenin.com/,general,ben
leconomistedufaso,https://www.leconomistedufaso.bf/,general,bfa
leconomistemaghrebin,https://www.leconomistemaghrebin.com/,general,tun
lecourrier,https://lecourrier.ch/,general,che
ledauphine,https://www.ledauphine.com/,general,fra
lefaso,https://lefaso.net/,general,bfa
lefigaro,https://www.lefigaro.fr/,general,fra
lejdc,https://www.lejdc.fr/,general,fra
lejdd,https://www.lejdd.fr/,general,fra
lejecos,https://www.lejecos.com/,general,sen
lejourdalgerie,http://www.lejourdalgerie.com/,general,dza
lejsl,https://www.lejsl.com/,general,fra
lelynx,http://www.lelynx.net/,general,gin
lematin,https://lematin.ht/,general,hti
lematin,https://www.lematin.ch/,general,che
lematin,https://lematin.ma/,general,mar
lematindalgerie,https://www.lematindalgerie.com/,general,dza
lematindz,https://www.lematindz.net/,general,dza
lemauricien,http://www.lemauricien.com/,general,mus
lemohelien,http://lemohelien.com/,general,com
lemonde,https://www.lemonde.fr/,general,fra
lenational,http://www.lenational.org/,general,hti
lenouvelliste,http://www.lenouvelliste.com/,general,hti
lenouvelliste,https://www.lenouvelliste.ch/,general,che
leparisien,http://www.leparisien.fr/,general,fra
lepays,http://lepays.bf/,general,bfa
lepays,http://evasion.lepays.bf/,general,bfa
lepaystchad,http://www.lepaystchad.com/,general,tcd
lepoint,https://www.lepoint.fr/,general,fra
lepopulaire,https://www.lepopulaire.fr/,general,fra
leprogres,https://www.leprogres.fr/,general,fra
lequatriemepouvoir,https://lequatriemepouvoir.com/,general,cmr
lequipe,https://www.lequipe.fr/,general,fra
lequotidien,http://www.lequotidien.lu/,general,lux
lequotidien,https://www.lequotidien.sn/,general,sen
lequotidien_oran,http://www.lequotidien-oran.com/,general,dza
leral,https://www.leral.net/,general,sen
leregional,https://www.leregional.ch/,general,che
lereporter,https://www.lereporter.ma/,general,mar
lerwandais,https://www.lerwandais.com/,general,rwa
lesaffairesbf,http://lesaffairesbf.com/,general,bfa
lesahel,http://www.lesahel.org/,general,ner
lesechos,https://www.lesechos.fr/,general,fra
lesoir,https://www.lesoir.be/,general,bel
lesoirdalgerie,https://www.lesoirdalgerie.com/,general,dza
lesoleil,http://www.lesoleil.sn/,general,sen
lesoleil,https://www.lesoleil.com/,general,can
lespharaons,https://www.lespharaons.com/,general,ben
lessentiel,http://www.lessentiel.lu/fr/,general,lux
lessor,https://lessor.site/,general,mli
lest_eclair,https://www.lest-eclair.fr/,general,fra
letchadanthropus_tribune,https://www.letchadanthropus-tribune.com/,general,tcd
letelegramme,https://www.letelegramme.fr/,general,fra
letemps,https://www.letemps.ch/,general,che
letempstg,https://letempstg.com/,general,tgo
letogolais,http://www.letogolais.com/,general,tgo
leveil,https://www.leveil.fr/accueil.html,general,fra
levenementprecis,http://levenementprecis.com/,general,ben
levif,https://www.levif.be/actualite/,general,bel
lexpress,https://www.lexpress.mu/,general,mus
lexpress,https://lexpansion.lexpress.fr/,general,fra
lexpress,https://www.lexpress.fr/,general,fra
lexpress,https://lexpress.mg/,general,mdg
lexpressdufaso_bf,http://www.lexpressdufaso-bf.com/,general,bfa
lexpressiondz,http://www.lexpressiondz.com/,general,dza
lhebdo,https://lhebdo.mg/,general,mdg
libe,https://www.libe.ma/,general,mar
liberation,https://www.liberation.fr/,general,fra
liberte_algerie,https://www.liberte-algerie.com/,general,dza
lindependant,https://www.lindependant.fr/,general,fra
linternaute,https://www.linternaute.com/,general,fra
livenewsalgerie,http://www.livenewsalgerie.com/,general,dza
lnt,https://lnt.ma/,general,mar
lobservateurdemonaco,http://www.lobservateurdemonaco.mc/,general,mco
lomeinfos,https://www.lomeinfos.com/,general,tgo
lopinion,https://www.lopinion.fr/,general,fra
lopinion,https://www.lopinion.ma/,general,mar
lqj,https://www.lqj.ch/,general,che
lunion,https://www.lunion.fr/,general,fra
lyoncapitale,https://www.lyoncapitale.fr/,general,fra
lyonne,https://www.lyonne.fr/,general,fra
mada_actus,https://mada-actus.info/,general,mdg
mada_buzz,https://www.mada-buzz.net/,general,mdg
madagascar_tribune,https://www.madagascar-tribune.com/,general,mdg
madagate,http://www.madagate.org/,general,mdg
madonline,http://www.madonline.com/,general,mdg
maire_info,https://www.maire-info.com/,general,fra
mali_info,https://mali-info.net/,general,mli
mali_web,http://mali-web.org/,general,mli
maliactu,https://maliactu.net/,general,mli
malijet,http://malijet.com/,general,mli
malimedia,https://malimedia.net/,general,mli
maliweb,https://www.maliweb.net/,general,mli
malizine,https://malizine.com/,general,mli
marhba,https://www.marhba.com/,general,tun
maroc_hebdo,https://maroc-hebdo.press.ma/,general,mar
matinlibre,https://matinlibre.com/,general,ben
matv,http://matv.mg/,general,mdg
mediaguinee,http://mediaguinee.org/,general,gin
mediapart,https://www.mediapart.fr/,general,fra
metrodakar,https://www.metrodakar.net/,general,sen
miabetogoactu,https://www.miabetogoactu.com/,general,tgo
midi_madagasikara,http://www.midi-madagasikara.mg/,general,mdg
midilibre,https://www.midilibre.fr/,general,fra
minute_hebdo,http://www.minute-hebdo.fr/,general,fra
monacohebdo,http://www.monacohebdo.mc/,general,mco
monacomatin,https://www.monacomatin.mc/,general,mco
monde_diplomatique,https://www.monde-diplomatique.fr/,general,fra
mopays,https://mopays.com/,general,mus
moti,https://moti.news/,general,mus
musabyimana,http://www.musabyimana.net/,general,rwa
ndarinfo,https://www.ndarinfo.com/,general,sen
netalkole,https://netalkole.net/,general,hti
netpress,http://www.netpress.bi/,general,bdi
newsducamer,http://www.newsducamer.com/,general,cmr
newsmada,https://www.newsmada.com/,general,mdg
nicematin,https://www.nicematin.com/,general,fra
nigerdiaspora,http://www.nigerdiaspora.net/,general,ner
nigerexpress,http://nigerexpress.info/,general,ner
nigerinter,https://www.nigerinter.com/,general,ner
nordeclair,https://www.nordeclair.fr/,general,fra
nordeclair,https://www.nordeclair.be/,general,bel
nordpresse,https://nordpresse.be/,general,bel
nordsudjournal,https://www.nordsudjournal.com/,general,mli
nouvelobs,https://www.nouvelobs.com/rue89/,general,fra
nouvelobs,https://www.nouvelobs.com/,general,fra
nrpyrenees,https://www.nrpyrenees.fr/,general,fra
observalgerie,https://www.observalgerie.com/,general,dza
orange,https://actu.orange.mg/,general,mdg
ouestribune_dz,http://www.ouestribune-dz.com/,general,dza
over_blog,http://takaparlenews.over-blog.com/,general,caf
over_blog,http://sango-ti-kodro.over-blog.com/,general,caf
over_blog,http://centrafrique-presse.over-blog.com/,general,caf
pa_lunion,http://www.pa-lunion.com/,general,tgo
paris_normandie,https://www.paris-normandie.fr/,general,fra
picardiegazette,https://www.picardiegazette.fr/,general,fra
planet,https://www.planet.fr/,general,fra
planete_senegal,http://www.planete-senegal.com/,general,sen
ppbdi,http://ppbdi.com/,general,bdi
pressafrik,https://www.pressafrik.com/,general,sen
quotidienmutations,http://quotidienmutations.cm/,general,cmr
r1,http://www.r1.mu/,general,mus
radio_kankan,http://www.radio-kankan.com/,general,gin
radiobalafon,https://radiobalafon.net/,general,cmr
radiolome,http://www.radiolome.tg/,general,tgo
radiomaria,https://www.radiomaria.rw/,general,rwa
radiondekeluka,https://www.radiondekeluka.org/,general,caf
realites,https://www.realites.com.tn/,general,tun
reporterbf,https://www.reporterbf.net/,general,bfa
republicain_lorrain,https://www.republicain-lorrain.fr/,general,fra
rewmi,http://www.rewmi.com/,general,sen
rezonodwes,https://rezonodwes.com/,general,hti
rfi,http://www.rfi.fr/,general,fra
rnanews,http://rnanews.com/,general,rwa
rtb,https://www.rtb.bf/,general,bfa
rtl,http://5minutes.rtl.lu/laune/,general,lux
rugbyrama,https://www.rugbyrama.fr/,general,fra
rwandaises,https://rwandaises.com/,general,rwa
samarew,https://samarew.com/,general,sen
savoirnews,https://www.savoirnews.net/,general,tgo
senedirect,https://www.senedirect.tv/,general,sen
senegal7,https://www.senegal7.com/,general,sen
senegaldirect,https://www.senegaldirect.net/,general,sen
senego,https://senego.com/,general,sen
senenews,https://www.senenews.com/,general,sen
seneplus,https://www.seneplus.com/,general,sen
seneweb,http://www.seneweb.com/,general,sen
senxibar,https://www.senxibar.com/,general,sen
setal,https://www.setal.net/,general,sen
sidwaya,https://www.sidwaya.info/,general,bfa
sobikamada,http://www.sobikamada.com/,general,mdg
socialnetlink,https://www.socialnetlink.org/,general,sen
sonapresse,https://www.union.sonapresse.com/,general,gab
spirou,https://www.spirou.com/,general,bel
sport241,http://sport241.com/,general,gab
starpress,https://starpress.info/,general,mus
studiotamani,https://www.studiotamani.org/,general,mli
sudinfo,https://www.sudinfo.be/,general,bel
sudonline,http://www.sudonline.sn/,general,sen
sudouest,https://www.sudouest.fr/,general,fra
sundaytimesmauritius,https://www.sundaytimesmauritius.com/news/,general,mus
tamtaminfo,http://www.tamtaminfo.com/,general,ner
tchadactuel,http://www.tchadactuel.com/,general,tcd
tchadinfos,http://tchadinfos.com/,general,tcd
tdg,https://www.tdg.ch/,general,che
tekiano,http://www.tekiano.com/,general,tun
telemb,https://www.telemb.be/,general,bel
telerama,https://www.telerama.fr/,general,fra
telquel,https://telquel.ma/,general,mar
teranganews,http://teranganews.sn/,general,sen
terrenature,https://www.terrenature.ch/,general,che
tf1,https://www.tf1.fr/tmc,general,mco
togo_actualites,https://togo-actualites.com/,general,tgo
togo_online,https://togo-online.net/,general,tgo
togoactualite,https://www.togoactualite.com/,general,tgo
togobreakingnews,https://togobreakingnews.info/,general,tgo
togoenlive,http://togoenlive.info/,general,tgo
togomedia24,https://togomedia24.com/,general,tgo
togoportail,http://www.togoportail.net/,general,tgo
togopresse,http://togopresse.tg/,general,tgo
togoreveil,http://togoreveil.com/,general,tgo
togotimes,https://www.togotimes.info/,general,tgo
togotribune,https://togotribune.com/,general,tgo
togoweb,https://togoweb.net/,general,tgo
togozine,http://togozine.com/,general,tgo
touthaiti,http://www.touthaiti.com/,general,hti
transactiondalgerie,http://transactiondalgerie.com/,general,dza
tribuca,https://tribuca.net/,general,fra
tribunelecteurs,http://www.tribunelecteurs.com/,general,dza
tunisie14,https://tunisie14.tn/,general,tun
tunisienumerique,https://www.tunisienumerique.com/,general,tun
ufctogo,http://www.ufctogo.com/,general,tgo
varmatin,https://www.varmatin.com/,general,fra
vipeoples,https://www.vipeoples.net/,general,sen
visages_du_benin,https://visages-du-benin.com/,general,ben
visitmonaco,https://www.visitmonaco.com/,general,mco
vosgesmatin,https://www.vosgesmatin.fr/,general,fra
walf_groupe,http://www.walf-groupe.com/,general,sen
watania1,http://www.watania1.tn/,general,tun
webdo,http://www.webdo.tn/,general,tun
webmanagercenter,https://directinfo.webmanagercenter.com/,general,tun
webmanagercenter,https://www.webmanagercenter.com/,general,tun
wiwsport,https://wiwsport.com/,general,sen
wordpress,https://burundi24.wordpress.com/,general,bdi
www,https://www.gouv.bj/,general,ben
xalimasn,http://xalimasn.com/,general,sen
xibar,https://www.xibar.net/,general,sen
yabiladi,https://www.yabiladi.com/,general,mar
yaga_burundi,https://www.yaga-burundi.com/,general,bdi
yaoundeinfo,http://www.yaoundeinfo.com/,general,cmr
zinfos_moris,https://www.zinfos-moris.com/,general,mus
zoomtchad,http://zoomtchad.com/,general,tcd
