name,homeurl,domain,country
4pmnews,http://www.4pmnews.com/,general,ind
anweshanam,http://anweshanam.com/,general,ind
apnades,https://apnades.in/,general,ind
asianetnews,https://www.asianetnews.com/,general,ind
aswamedham,http://aswamedham.com/,general,ind
attingalvartha,https://attingalvartha.com/,general,ind
azchavattom,http://www.azchavattom.com/,general,ind
azhimukham,https://www.azhimukham.com/,general,ind
bengaluruvartha,https://www.bengaluruvartha.in/,general,ind
bignewslive,https://www.bignewslive.com/,general,ind
blogspot_eenam,http://eeenam.blogspot.com/,general,ind
britishmalayali,https://www.britishmalayali.co.uk/,general,ind
catholicasabha,http://catholicasabha.org/,general,ind
chandrikadaily,http://www.chandrikadaily.com/,general,ind
chavakkadonline,http://chavakkadonline.com/,general,ind
chentrappinni,http://chentrappinni.com/,general,ind
cinidiary,http://cinidiary.com/,general,ind
citinewslive,https://citinewslive.com/,general,ind
cmronweb,http://www.cmronweb.com/index.htm,general,ind
cpimkerala,https://www.cpimkerala.org/index.php,general,ind
dailyindianherald,https://dailyindianherald.com/,general,ind
deepika,https://www.deepika.com/,general,ind
deshabhimani,https://www.deshabhimani.com/,general,ind
dhanamonline,https://dhanamonline.com/,general,ind
disciplesnews,https://www.disciplesnews.com/,general,ind
doolnews,https://www.doolnews.com/,general,ind
eastcoastdaily,https://www.eastcoastdaily.com/,general,ind
emalayalee,http://www.emalayalee.com/,general,ind
epathram,http://epathram.com/,general,ind
evartha,http://www.evartha.in/,general,ind
eveningkerala,http://eveningkerala.com/,general,ind
ezhuthupura,http://ezhuthupura.com/,general,ind
ezhuthu,https://ezhuthu.org/,general,ind
goodreturns,https://malayalam.goodreturns.in/,general,ind
gulfmalayaly,https://www.gulfmalayaly.com/,general,ind
guruvayuronline,http://www.guruvayuronline.com/,general,ind
hedgeohari,http://hedgeohari.com/,general,ind
highrangevartha,http://highrangevartha.com/,general,ind
ibclive,https://www.ibclive.in/,general,ind
indianexpress,https://malayalam.indianexpress.com/,general,ind
indiaz,http://indiaz.com/category/keralacinema/malayalam-cinema-news,general,ind
irinjalakuda,http://irinjalakuda.com/,general,ind
irinjalakudalive,http://www.irinjalakudalive.com/,general,ind
islammalayalam,https://islammalayalam.net/,general,ind
jaihindtv,https://jaihindtv.in/,general,ind
janamtv,https://janamtv.com/,general,ind
janayugomonline,https://janayugomonline.com/,general,ind
janmabhumidaily,https://www.janmabhumidaily.com/,general,ind
jihkerala,http://jihkerala.org/,general,ind
kalakaumudi,http://www.kalakaumudi.com/malayalam/,general,ind
kannadafresh,http://www.kannadafreshnews.com/,general,ind
kasaragod,http://www.kasaragod.com/,general,ind
kasargodvartha,http://www.kasargodvartha.com/,general,ind
kaumudiplus,http://www.kaumudiplus.com/,general,ind
keralabhooshanam,http://www.keralabhooshanam.com/,general,ind
keralaexpress,http://www.keralaexpress.com/,general,ind
keralakaumudi,https://keralakaumudi.com/,general,ind
keralaonlinenews,http://keralaonlinenews.com/,general,ind
keralaonlive,http://www.keralaonlive.com/,general,ind
keralatimes,http://keralatimes.com/,general,ind
knanayavoice,http://knanayavoice.in/,general,ind
koodumagazine,http://koodumagazine.com/,general,ind
kssp,http://www.kssp.in/,general,ind
kuwaitvartha,https://kuwaitvartha.com/,general,ind
kvartha,http://www.kvartha.com/,general,ind
ldfkeralam,http://ldfkeralam.org/,general,ind
madhyamam,https://www.madhyamam.com/,general,ind
malappuramnews,http://malappuramnews.com/,general,ind
malayalamemagazine,https://malayalamemagazine.com/,general,ind
malayalamexpress,https://www.malayalamexpress.in/,general,ind
malayalamnewsdaily,https://www.malayalamnewsdaily.com/,general,ind
malayalamnewstimes,https://www.malayalamnewstimes.com/,general,ind
malayalanatu,http://malayalanatu.com/,general,ind
malayal,https://malayal.am/,general,ind
malayalilife,https://malayalilife.com/,general,ind
malayalivartha,https://www.malayalivartha.com/,general,ind
mangalam,https://www.mangalam.com/,general,ind
manoramanews,https://www.manoramanews.com,general,ind
manoramaonline,https://www.manoramaonline.com,general,ind
marunadanmalayali,https://www.marunadanmalayali.com/,general,ind
mathrubhumi,https://www.mathrubhumi.com/,general,ind
mediamangalam,http://mediamangalam.com/,general,ind
medianextnews,https://medianextnews.com/,general,ind
metrojournalonline,https://metrojournalonline.com/,general,ind
metromatinee,https://metromatinee.com/,general,ind
metrovaartha,http://www.metrovaartha.com/,general,ind
momspresso,https://malayalam.mykhel.com/,general,ind
mumbaimalayali,http://www.mumbaimalayali.com/,general,ind
mykeralanews,http://mykeralanews.com/,general,ind
mykhel,https://malayalam.mykhel.com/,general,ind
nammudemalayalam,http://nammudemalayalam.com/,general,ind
nanaonline,https://nanaonline.in/,general,ind
navamalayali,https://navamalayali.com/,general,ind
nerariyan,http://nerariyan.com/,general,ind
news18,https://malayalam.news18.com/,general,ind
newsnetmalayalam,https://www.newsnetmalayalam.com/,general,ind
nprajendran,http://www.nprajendran.com/,general,ind
nrimalayalee,http://www.nrimalayalee.com/,general,ind
oneindia,https://malayalam.oneindia.com/,general,ind
perumbavooronline,https://perumbavooronline.com,general,ind
porepedia,http://malayalam.porepedia.com/,general,ind
prabodhanam,http://www.prabodhanam.net/,general,ind
pradeepamonline,https://www.pradeepamonline.com/,general,ind
pradhanavartha,https://pradhanavartha.in/,general,ind
pratipaksham,https://prathipaksham.in/,general,ind
pravasalokham,https://pravasalokham.com/,general,ind
pravasiexpress,https://www.pravasiexpress.com/,general,ind
pravasionline,http://pravasionline.com/,general,ind
punalurnews,http://www.punalurnews.com/,general,ind
puzha,http://www.puzha.com/,general,ind
rashtrabhoomi,https://www.rashtrabhoomi.com/,general,ind
rashtradeepika,https://www.rashtradeepika.com/,general,ind
reporter,https://www.reporter.live/news,general,ind
risalaonline,http://risalaonline.com/,general,ind
rosemalayalam,http://rosemalayalam.com/,general,ind
saikatham,https://www.saikatham.com/,general,ind
samakalikamalayalam,https://www.samakalikamalayalam.com/,general,ind
samayam,https://malayalam.samayam.com/,general,ind
samrambam,https://samrambam.com/,general,ind
sathyadeepam,http://sathyadeepam.org/,general,ind
sathyamonline,https://www.sathyamonline.com/,general,ind
saudivartha,https://saudivartha.com/,general,ind
sayannakairali,http://epaper.sayannakairali.com,general,ind
sdpathram,http://www.sdpathram.com/,general,ind
sirajlive,http://www.sirajlive.com/,general,ind
southernpost,http://www.southernpost.in/,general,ind
southlive,https://www.southlive.in/,general,ind
sudinamonline,https://www.sudinamonline.com/,general,ind
sundayshalom,https://sundayshalom.com/,general,ind
suprabhaatham,http://suprabhaatham.com/,general,ind
taxkerela,http://www.taxkerala.com/,general,ind
techlokam,https://www.techlokam.in/,general,ind
thanal,http://thanal.in/,general,ind
thanimalayalam,http://www.thanimalayalam.org/,general,ind
thebetterindia,https://malayalam.thebetterindia.com/,general,ind
thejasnews,https://www.thejasnews.com/,general,ind
themediasyndicate,http://themediasyndicate.com/,general,ind
thepeoplenews,https://www.thepeoplenews.in/,general,ind
therali,https://www.therali.org/,general,ind
thurannakathu,http://www.thurannakathu.com/,general,ind
timelynews,http://www.timelynews.net/,general,ind
timeskerala,https://timeskerala.com/,general,ind
twentyfournews,https://www.twentyfournews.com/,general,ind
uttaradesam,https://www.utharadesam.com/,general,ind
vallikkunnu,http://www.vallikkunnu.com/,general,ind
vayanamuri,http://www.vayanamuri.com/,general,ind
vyganews,http://www.vyganews.com/,general,ind
webdunia,https://malayalam.webdunia.com/,general,ind
wokjournal,https://mal.wokejournal.com/,general,ind
zeenews,https://zeenews.india.com/malayalam,general,ind
