name,homeurl,domain,country
180graus,https://180graus.com/,general,bra
abola,https://www.abola.pt/,general,prt
acorianooriental,https://www.acorianooriental.pt/,general,prt
agoramt,https://www.agoramt.com.br/,general,bra
alvorada,https://www.alvorada.pt/,general,prt
angola24horas,https://angola24horas.com/,general,ago
angola_online,http://angola-online.net/,general,ago
angop,http://www.angop.ao/,general,ago
anoticiadovale,http://www.anoticiadovale.com/,general,bra
asbeiras,https://www.asbeiras.pt/,general,prt
atosefatos,https://www.atosefatos.jor.br/,general,bra
avante,http://www.avante.pt/,general,prt
barlavento,https://www.barlavento.pt/,general,prt
blitz,https://blitz.pt/,general,prt
blogspot,http://guineendade.blogspot.com/,general,gnb
blogspot,http://faladepapagaio.blogspot.com/,general,gnb
blogspot,http://ditaduraeconsenso.blogspot.com/,general,gnb
blogspot,http://notabanca.blogspot.com/,general,gnb
blogspot,https://bambaramdipadida.blogspot.com/,general,gnb
blogspot,http://dokainternacionaldenunciante.blogspot.com/,general,gnb
blogspot,http://conosaba.blogspot.com/,general,gnb
brasil247,https://www.brasil247.com/,general,bra
brasildefato,https://www.brasildefato.com.br/,general,bra
brasilemfolhas,https://brasilemfolhas.com/,general,bra
brazilianpress,http://www.brazilianpress.com/,general,bra
campograndenews,https://www.campograndenews.com.br/,general,bra
canal,https://canal.co.mz/,general,moz
cartamz,https://cartamz.com/,general,moz
cearaagora,https://www.cearaagora.com.br/,general,bra
centralangola7311,https://centralangola7311.net/,general,ago
club_k,https://www.club-k.net/,general,ago
cmjornal,https://www.cmjornal.pt/,general,prt
comunitaitaliana,https://comunitaitaliana.com/,general,bra
correio24horas,https://www.correio24horas.com.br/,general,bra
correiobraziliense,https://www.correiobraziliense.com.br/,general,bra
correiodeazemeis,https://www.correiodeazemeis.pt/,general,prt
correiodominho,https://www.correiodominho.pt/,general,prt
correiodopovo,https://www.correiodopovo.com.br/,general,bra
correiokianda,https://correiokianda.info/,general,ago
correioweb,https://www.correioweb.com.br/,general,bra
desafio,https://www.desafio.co.mz/,general,moz
destak,http://www.destak.pt/,general,prt
dgabc,https://www.dgabc.com.br/,general,bra
diarioaveiro,http://www.diarioaveiro.pt/,general,prt
diariocoimbra,http://www.diariocoimbra.pt/,general,prt
diariodecuiaba,http://www.diariodecuiaba.com.br/,general,bra
diariodepernambuco,https://www.diariodepernambuco.com.br/,general,bra
diariodoamapa,https://www.diariodoamapa.com.br/,general,bra
diariodocentrodomundo,https://www.diariodocentrodomundo.com.br/,general,bra
diariodominho,https://www.diariodominho.pt/,general,prt
dm,http://www.dm.com.br/,general,bra
dn,https://www.dn.pt/,general,prt
dnoticias,https://www.dnoticias.pt/,general,prt
dre,https://dre.pt/,general,prt
dsvc,http://www.dsvc.com.br/,general,bra
em,https://www.em.com.br/,general,bra
estadao,https://www.estadao.com.br/,general,bra
expansao,http://www.expansao.co.ao/,general,ago
expresso,https://expresso.pt/,general,prt
folhadelondrina,https://www.folhadelondrina.com.br/,general,bra
folhademaputo,http://www.folhademaputo.co.mz/,general,moz
folhape,https://www.folhape.com.br/,general,bra
folhapolitica,http://www.folhapolitica.org/,general,bra
gazetacaldas,https://gazetacaldas.com/,general,prt
gazetadointerior,http://www.gazetadointerior.pt/,general,prt
gazetadopovo,https://www.gazetadopovo.com.br/,general,bra
globo,https://oglobo.globo.com/,general,bra
globo,https://gazetaweb.globo.com/gazetadealagoas/,general,bra
globo,https://g1.globo.com/,general,bra
ig,https://odia.ig.com.br/,general,bra
ig,https://meiahora.ig.com.br/,general,bra
ig,https://ultimosegundo.ig.com.br/,general,bra
imediato,https://www.imediato.pt/,general,prt
infromoz,https://www.infromoz.com/,general,moz
istoe,https://istoe.com.br/,general,bra
jb,http://www.jb.pt/,general,prt
jb,https://www.jb.com.br/,general,bra
jn,https://www.jn.pt/,general,prt
jornaiserevistas,https://www.jornaiserevistas.com/,general,prt
jornalaguarda,https://www.jornalaguarda.com/,general,prt
jornaldebrasilia,https://jornaldebrasilia.com.br/,general,bra
jornaldeleiria,https://www.jornaldeleiria.pt/,general,prt
jornaldenegocios,https://www.jornaldenegocios.pt/,general,prt
jornaldiariodonorte,http://www.jornaldiariodonorte.com.br/,general,bra
jornaldoalgarve,https://jornaldoalgarve.pt/,general,prt
jornaldomingo,https://www.jornaldomingo.co.mz/,general,moz
jornaldotocantins,https://www.jornaldotocantins.com.br/,general,bra
jornalf8,https://jornalf8.net/,general,ago
jornalnoticias,https://www.jornalnoticias.co.mz/,general,moz
jornaloeste,https://jornaloeste.pt/,general,prt
jornalopcao,https://www.jornalopcao.com.br/,general,bra
jornalpequeno,https://jornalpequeno.com.br/,general,bra
jornaltransparencia,http://www.jornaltransparencia.st/,general,stp
jornaltropical,http://www.jornaltropical.st/,general,stp
lance,https://www.lance.com.br/,general,bra
maiahoje,http://www.maiahoje.pt/,general,prt
mercado,https://mercado.co.ao/,general,ago
miseria,http://www.miseria.com.br/,general,bra
mmo,https://www.mmo.co.mz/,general,moz
moznews,https://moznews.co.mz/,general,moz
mundouniversitario,http://www.mundouniversitario.pt/,general,prt
ndmais,https://ndmais.com.br/,general,bra
nenoticias,https://www.nenoticias.com.br/,general,bra
noticiasaominuto,https://www.noticiasaominuto.com/,general,prt
noticiasdeangola,https://www.noticiasdeangola.co.ao/,general,ago
noticiasdeaveiro,https://www.noticiasdeaveiro.pt/,general,prt
novagazeta,https://www.novagazeta.co.ao/,general,ago
novoeste,http://www.novoeste.com/,general,bra
novoextra,https://novoextra.com.br/,general,bra
oaltoacre,https://www.oaltoacre.com/,general,bra
observador,https://observador.pt/,general,prt
odemocratagb,http://www.odemocratagb.com/,general,gnb
oestadoacre,https://oestadoacre.com/,general,bra
oimparcial,https://oimparcial.com.br/,general,bra
ojogo,https://www.ojogo.pt/,general,prt
oln,http://www.oln.pt/,general,prt
omirante,https://omirante.pt/,general,prt
opais,https://opais.co.ao/,general,ago
opopular,https://www.opopular.com.br/,general,bra
opovo,https://www.opovo.com.br/,general,bra
opovofamalicense,https://www.opovofamalicense.com/,general,prt
oriobranco,http://www.oriobranco.net/,general,bra
otempo,https://www.otempo.com.br/,general,bra
pagina20,https://pagina20.net/,general,bra
platinaline,http://platinaline.com/,general,ago
poder360,https://www.poder360.com.br/,general,bra
portaldeangola,https://www.portaldeangola.com/,general,ago
portalmoznews,https://portalmoznews.com/,general,moz
pragmatismopolitico,https://www.pragmatismopolitico.com.br/,general,bra
primeiraedicao,http://primeiraedicao.com.br/,general,bra
primeirapagina_to,http://www.primeirapagina-to.com.br/,general,bra
progresso,https://www.progresso.com.br/,general,bra
ptjornal,http://ptjornal.com/,general,prt
publico,https://www.publico.pt/,general,prt
r7,https://www.r7.com/,general,bra
rac,https://correio.rac.com.br/,general,bra
radiojovem,https://www.radiojovem.info/,general,gnb
record,https://www.record.pt/,general,prt
regiao_sul,https://regiao-sul.pt/,general,prt
regiaodeagueda,http://www.regiaodeagueda.com/,general,prt
reporterbrasil,https://reporterbrasil.org.br/,general,bra
revistaforum,https://revistaforum.com.br/,general,bra
rispito,http://www.rispito.com/,general,gnb
rodaviva,http://www.rodaviva.pt/,general,prt
sabado,https://www.sabado.pt/,general,prt
sapo,http://www.sapo.mz/,general,moz
sapo,https://sol.sapo.pt/,general,prt
sapo,https://ionline.sapo.pt/,general,prt
sapo,http://jornaldeeconomia.sapo.ao/,general,ago
sapo,http://www.sapo.ao/,general,ago
sapo,http://jornaldeangola.sapo.ao/,general,ago
sapo,http://tpa.sapo.ao/,general,ago
sapo,http://jornaldosdesportos.sapo.ao/,general,ago
soberaniadopovo,https://www.soberaniadopovo.pt/index/,general,prt
stop,http://stop.co.mz/,general,moz
stpdigital,https://stpdigital.net/en/,general,stp
superesportes,https://www.mg.superesportes.com.br/,general,bra
telanon,https://www.telanon.info/,general,stp
terra,https://www.terra.com.br/,general,bra
terrasdabeira,http://www.terrasdabeira.com/,general,prt
trbn,https://www.trbn.com.br/,general,bra
tribunadojurua,https://tribunadojurua.com.br/,general,bra
tribunadoplanalto,http://tribunadoplanalto.com.br/,general,bra
tribunadosertao,http://www.tribunadosertao.com.br/,general,bra
tribunafeirense,http://www.tribunafeirense.com.br/,general,bra
tribunaonline,https://tribunaonline.com.br/,general,bra
tribunapr,https://www.tribunapr.com.br/,general,bra
tvm,https://www.tvm.co.mz/,general,moz
uai,https://www.uai.com.br/,general,bra
ul,http://analisesocial.ics.ul.pt/,general,prt
uol,https://www.band.uol.com.br/,general,bra
uol,https://www.uol.com.br/,general,bra
uol,https://www.folha.uol.com.br/,general,bra
uol,http://atarde.uol.com.br/,general,bra
uol,https://ne10.uol.com.br/,general,bra
uol,https://noticias.uol.com.br/,general,bra
valor,https://www.valor.com.br/,general,bra
verangola,https://www.verangola.net/va/,general,ago
verdade,http://www.verdade.co.mz/,general,moz
verdesmares,https://diariodonordeste.verdesmares.com.br/,general,bra
voxnovaangola,https://voxnovaangola.com/,general,ago
vozdeangola,https://www.vozdeangola.com/,general,ago
wort,https://www.wort.lu/pt,general,lux
yahoo,https://br.noticias.yahoo.com/,general,bra
