name,homeurl,domain,country
1thegioi,https://1thegioi.vn/,general,vnm
24h,https://www.24h.com.vn/,general,vnm
anninhthudo,https://anninhthudo.vn/,general,vnm
baoangiang,https://baoangiang.com.vn/,general,vnm
baobaclieu,http://www.baobaclieu.vn/,general,vnm
baobacninh,http://baobacninh.com.vn/,general,vnm
baobariavungtau,http://www.baobariavungtau.com.vn/,general,vnm
baobinhduong,http://baobinhduong.vn/,general,vnm
baocantho,https://baocantho.com.vn/khmer/,general,vnm
baodaklak,http://baodaklak.vn/,general,vnm
baodatviet,https://baodatviet.vn/,general,vnm
baodautu,https://baodautu.vn/,general,vnm
baodongnai,http://www.baodongnai.com.vn/,general,vnm
baogialai,https://baogialai.com.vn/,general,vnm
baohatinh,https://baohatinh.vn/,general,vnm
baokhanhhoa,https://baokhanhhoa.vn/,general,vnm
baomoi,https://baomoi.com/,general,vnm
baophuyen,http://www.baophuyen.com.vn/,general,vnm
baoquangngai,http://baoquangngai.vn/,general,vnm
baoquangninh,http://baoquangninh.com.vn/,general,vnm
baotayninh,https://baotayninh.vn/,general,vnm
bongdaplus,https://bongdaplus.vn/,general,vnm
cand,http://cand.com.vn/,general,vnm
cgvdt,http://www.cgvdt.vn/,general,vnm
congan,http://congan.com.vn/,general,vnm
congthuong,https://congthuong.vn/,general,vnm
daklak24h,https://daklak24h.com.vn/,general,vnm
dantri,https://dantri.com.vn/,general,vnm
danviet,https://danviet.vn/,general,vnm
dkn,https://www.dkn.tv/,general,vnm
docbao,https://docbao.vn/,general,vnm
doisongphapluat,https://www.doisongphapluat.com/,general,vnm
giadinh,https://giadinh.net.vn/,general,vnm
hanoimoi,http://hanoimoi.com.vn/,general,vnm
kenh14,https://kenh14.vn/,general,vnm
kienthuc,https://kienthuc.net.vn/,general,vnm
kinhtedothi,http://kinhtedothi.vn/,general,vnm
laodong,https://laodong.vn/,general,vnm
nguoi_viet,https://www.nguoi-viet.com/,general,vnm
nhandan,https://nhandan.com.vn/,general,vnm
nld,https://nld.com.vn/,general,vnm
nongnghiep,https://nongnghiep.vn/,general,vnm
qdnd,https://www.qdnd.vn,general,vnm
sggp,https://www.sggp.org.vn/,general,vnm
soha,https://soha.vn/,general,vnm
thanhnien,https://thanhnien.vn/,general,vnm
tienphong,https://www.tienphong.vn/,general,vnm
tienphong,https://hoahoctro.tienphong.vn/,general,vnm
tintuc,https://tintuc.vn/,general,vnm
trithucvn,https://trithucvn.net/,general,vnm
tuoitre,https://tuoitre.vn/,general,vnm
vietbao,https://vietbao.vn/,general,vnm
vietnamnet,https://vietnamnet.vn/,general,vnm
vietq,http://vietq.vn/,general,vnm
viettimes,https://viettimes.vn/,general,vnm
vnanet,https://vnanet.vn/,general,vnm
vneconomy,https://vneconomy.vn/,general,vnm
vnexpress,https://vnexpress.net/,general,vnm
vtv,https://vtv.vn/,general,vnm
yahoo,https://vn.yahoo.com/,general,vnm
zingnews,https://zingnews.vn/,general,vnm
